Gene,Cluster
CBLN2,Ex1
ENC1,Ex1
AC011288.2,Ex1
TESPA1,Ex1
RP11-314P15.2,Ex1
LRRTM4,Ex1
LINC01378,Ex1
PDZD2,Ex1
FAM19A1,Ex1
HS6ST3,Ex1
LINC00507,Ex1
LINC01250,Ex1
DGKB,Ex1
RP11-191L9.4,Ex1
HPCAL1,Ex1
MLIP,Ex1
R3HDM1,Ex1
RGS6,Ex1
NGEF,Ex1
LDB2,Ex1
CHRM3,Ex1
SORBS2,Ex1
NRGN,Ex1
ADGRL2,Ex1
CUX2,Ex1
CAMK2N1,Ex1
KCNIP4,Ex1
CAMK2A,Ex1
ARPP19,Ex1
SERPINE2,Ex1
CACNG3,Ex1
CHN1,Ex1
PCDH7,Ex1
KCTD16,Ex1
ST6GALNAC5,Ex1
ATRNL1,Ex1
KALRN,Ex1
PHACTR1,Ex1
ERICH1-AS1,Ex1
LINC01122,Ex1
KCNQ5,Ex1
ASIC2,Ex1
ATP2B1,Ex1
FLRT2,Ex1
AC007563.5,Ex1
PRKCB,Ex1
NDST3,Ex1
MAST3,Ex1
CAMKK1,Ex1
MEG3,Ex1
GPC6,Ex1
HOMER1,Ex1
DLGAP1-AS4,Ex1
KIAA1211L,Ex1
LRFN5,Ex1
CDH12,Ex1
KCTD1,Ex1
BAIAP2,Ex1
NELL1,Ex1
LY86-AS1,Ex1
IQCJ-SCHIP1,Ex1
CREG2,Ex1
CAMKV,Ex1
TMEM178B,Ex1
SHISA9,Ex1
PDE7B,Ex1
NECAB1,Ex1
SYN3,Ex1
DLGAP2,Ex1
ITPR1,Ex1
RFTN1,Ex1
CELF2,Ex1
NWD2,Ex1
AQP4-AS1,Ex1
SIPA1L1,Ex1
FAM153B,Ex1
PLCB1,Ex1
LINGO2,Ex1
PVRL3,Ex1
CDH22,Ex1
VSNL1,Ex1
CDH9,Ex1
EPB41L2,Ex1
GRIA2,Ex1
RASGRF2,Ex1
BICC1,Ex1
MIR137HG,Ex1
TMEM132D,Ex1
FSTL4,Ex1
MKL2,Ex1
WASF1,Ex1
TANC2,Ex1
MIAT,Ex1
CABP1,Ex1
DIAPH2,Ex1
OLFM1,Ex1
SLC6A7,Ex1
GULP1,Ex1
CACNA1E,Ex1
SATB2,Ex1
MEIS2,Ex1
NTRK3,Ex1
PPFIA2,Ex1
PDE8B,Ex1
NLK,Ex1
GRIA4,Ex1
PLEKHA5,Ex1
AGBL4,Ex1
PPP3CA,Ex1
FAT3,Ex1
PDE4D,Ex1
GABRB3,Ex1
TMEM132B,Ex1
RBFOX1,Ex1
CACNA2D3,Ex1
SLIT3,Ex1
KCNH1,Ex1
PTK2B,Ex1
CSMD1,Ex1
CACNA2D1,Ex1
KCNMA1,Ex1
RAPGEF5,Ex1
GRM5,Ex1
SV2B,Ex1
DAB1,Ex1
STXBP5L,Ex1
MTUS2,Ex1
KHDRBS2,Ex1
LRRC7,Ex1
KIRREL3,Ex1
RGS7,Ex1
CNTNAP5,Ex1
TENM2,Ex1
MGAT4C,Ex1
SLIT2,Ex1
CDH13,Ex1
ARPP21,Ex1
DGCR5,Ex1
DLG2,Ex1
SLC8A1,Ex1
GRM7,Ex1
DLGAP1,Ex1
GRIN2A,Ex1
FAM19A2,Ex1
EML6,Ex1
SCN3B,Ex1
PTPRO,Ex1
BTBD9,Ex1
EPHA6,Ex1
FBXW7,Ex1
CACNA1B,Ex1
CSMD3,Ex1
MAP3K5,Ex1
MAN1A1,Ex1
ROCK2,Ex1
DCLK1,Ex1
AK5,Ex1
KCNH3,Ex1
GRIN2B,Ex1
CHD5,Ex1
GNAL,Ex1
GRIA3,Ex1
SLC17A7,Ex1
PPP2R2C,Ex1
TMEM108,Ex1
KIAA1549L,Ex1
DOK6,Ex1
SORBS1,Ex1
PRICKLE1,Ex1
RFX3,Ex1
CHSY3,Ex1
ARHGAP32,Ex1
NPTN,Ex1
ACTN1,Ex1
CNKSR2,Ex1
LMO3,Ex1
PAK3,Ex1
SORCS1,Ex1
SEZ6L,Ex1
GALNT18,Ex1
CACNA1C,Ex1
SLC2A13,Ex1
TMEM59L,Ex1
SLC35F3,Ex1
NELL2,Ex1
CAMK1D,Ex1
CAMK2B,Ex1
CSGALNACT1,Ex1
SLC4A10,Ex1
HECW1,Ex1
CTDSPL,Ex1
PPFIBP1,Ex1
BRINP2,Ex1
GUCY1A2,Ex1
GABBR2,Ex1
KCNB1,Ex1
PCSK2,Ex1
CYP46A1,Ex1
RTN4,Ex1
PI4KA,Ex1
NIN,Ex1
NCDN,Ex1
PDE2A,Ex1
SLC22A10,Ex1
SLF1,Ex1
PHYHIP,Ex1
TRIM9,Ex1
MED12L,Ex1
AHI1,Ex1
CELF5,Ex1
MPP6,Ex1
LMO4,Ex1
CAMKK2,Ex1
NPTXR,Ex1
NIPAL2,Ex1
LRRTM3,Ex1
ARHGAP26,Ex1
LRFN2,Ex1
CHL1,Ex1
MAP2,Ex1
MAPK4,Ex1
NFAT5,Ex1
PTPRN2,Ex1
PPM1L,Ex1
GRIN1,Ex1
THY1,Ex1
AC091878.1,Ex1
CAP2,Ex1
EPHA4,Ex1
RP11-707M1.1,Ex1
TSC22D1,Ex1
ABI2,Ex1
SNED1,Ex1
RP11-123M6.2,Ex1
CNTN3,Ex1
PRKAR2B,Ex1
FRRS1L,Ex1
ARHGEF7,Ex1
USP25,Ex1
ADCY1,Ex1
ZNF804B,Ex1
RASAL2,Ex1
RAPGEF2,Ex1
PAK1,Ex1
RPS6KC1,Ex1
RP5-1187M17.10,Ex1
SYBU,Ex1
WDR17,Ex1
SUSD4,Ex1
THRB,Ex1
ANKRD30BL,Ex1
GABRA2,Ex1
ABLIM2,Ex1
HSPH1,Ex1
PLXNA2,Ex1
NEDD4L,Ex1
NDFIP2,Ex1
SGCD,Ex1
LONRF2,Ex1
RGS4,Ex1
CDK5R1,Ex1
CCDC30,Ex1
MAPK1,Ex1
NEK10,Ex1
CIT,Ex1
DCAF6,Ex1
DCLK2,Ex1
TRERF1,Ex1
EFNA5,Ex1
ARNT2,Ex1
LRRC8B,Ex1
ZNF365,Ex1
BCL11A,Ex1
MYH10,Ex1
DPY19L2P1,Ex1
SCAI,Ex1
YWHAH,Ex1
SHANK2,Ex1
GOLGA8A,Ex1
KSR2,Ex1
KCNJ6,Ex1
SUGP2,Ex1
NPTX1,Ex1
VGLL4,Ex1
ST8SIA3,Ex1
TSPYL1,Ex1
KCNB2,Ex1
TMEM232,Ex1
TLK1,Ex1
TARBP1,Ex1
ST8SIA5,Ex1
DYNC2H1,Ex1
RAD9A,Ex1
PLEKHA6,Ex1
DGKZ,Ex1
KIFC2,Ex1
PKNOX2,Ex1
NETO1,Ex1
GOLGA8B,Ex1
RUNDC3A,Ex1
TOMM20,Ex1
SHC3,Ex1
RPL31,Ex1
KCNT1,Ex1
CACNG8,Ex1
KCNIP4,Ex2
CNTNAP2,Ex2
PTPRD,Ex2
COL5A2,Ex2
DPP10,Ex2
IQCJ-SCHIP1,Ex2
AJ006998.2,Ex2
FAM19A1,Ex2
PTPRT,Ex2
LRRTM4,Ex2
LDB2,Ex2
KHDRBS2,Ex2
UNC5D,Ex2
ST6GALNAC5,Ex2
SNTG1,Ex2
RP11-420N3.3,Ex2
GRM7,Ex2
ADGRB3,Ex2
DCC,Ex2
AGBL4,Ex2
CSMD1,Ex2
PTPRK,Ex2
AC011288.2,Ex2
RGS7,Ex2
LRRC4C,Ex2
DLG2,Ex2
KCNB2,Ex2
SYT1,Ex2
TRHDE,Ex2
RALYL,Ex2
LAMA2,Ex2
KCNH7,Ex2
HS6ST3,Ex2
NTNG1,Ex2
LINGO2,Ex2
KCNQ5,Ex2
NRG3,Ex2
MGAT4C,Ex2
R3HDM1,Ex2
PDE4D,Ex2
ATRNL1,Ex2
ANO3,Ex2
CNTN3,Ex2
KHDRBS3,Ex2
NKAIN2,Ex2
ZNF804B,Ex2
MEG3,Ex2
STXBP5L,Ex2
POU6F2,Ex2
MKL2,Ex2
OPCML,Ex2
CA10,Ex2
NRG1,Ex2
RORB,Ex2
NEGR1,Ex2
CDH8,Ex2
CELF2,Ex2
PHACTR1,Ex2
CNTN5,Ex2
NELL2,Ex2
THRB,Ex2
CPNE4,Ex2
AC067956.1,Ex2
DGKB,Ex2
NDST3,Ex2
TENM2,Ex2
KCNH5,Ex2
KALRN,Ex2
RGS6,Ex2
RIMS2,Ex2
CHSY3,Ex2
LRRC7,Ex2
MARCH1,Ex2
CHN1,Ex2
KCNQ3,Ex2
FRMD4A,Ex2
FLRT2,Ex2
PLCB1,Ex2
LINC01250,Ex2
CHRM3,Ex2
AC114765.1,Ex2
ERICH1-AS1,Ex2
GABRB1,Ex2
GULP1,Ex2
KCNH1,Ex2
NECAB1,Ex2
GABRG3,Ex2
DSCAM,Ex2
TMEM132D,Ex2
MEF2C,Ex2
FAM155A,Ex2
RYR2,Ex2
RFX3,Ex2
CACNA2D3,Ex2
GRIN2A,Ex2
GRM5,Ex2
FTH1,Ex2
CBLN2,Ex2
RP11-384F7.2,Ex2
CDH10,Ex2
BRINP3,Ex2
FMN1,Ex2
SGCD,Ex2
RP11-191L9.4,Ex2
CTC-340A15.2,Ex2
MIR137HG,Ex2
LRFN5,Ex2
HECW1,Ex2
XYLT1,Ex2
ERC2,Ex2
DCLK1,Ex2
SLC39A10,Ex2
OXR1,Ex2
SEMA6D,Ex2
LY86-AS1,Ex2
AK5,Ex2
RASAL2,Ex2
MAPK10,Ex2
GUCY1A2,Ex2
CUX2,Ex2
KCNT2,Ex2
FBXL2,Ex2
TMEM232,Ex2
EPHA4,Ex2
HOMER1,Ex2
EFNA5,Ex2
FAT3,Ex2
NRCAM,Ex2
AQP4-AS1,Ex2
PPFIA2,Ex2
GABRB3,Ex2
ARHGAP32,Ex2
PDE10A,Ex2
TESPA1,Ex2
SLC44A5,Ex2
OLFM3,Ex2
CERS6,Ex2
MLIP,Ex2
SLC2A13,Ex2
CHL1,Ex2
DGKI,Ex2
ARL15,Ex2
ZNF385B,Ex2
CACNA1B,Ex2
PRKG1,Ex2
KCTD16,Ex2
PEX5L,Ex2
LMO4,Ex2
MAST4,Ex2
CSMD3,Ex2
CACNA1C,Ex2
ARHGAP26,Ex2
PIK3R1,Ex2
NEFM,Ex2
YWHAH,Ex2
TMEM178B,Ex2
TMSB10,Ex2
SORBS2,Ex2
GAP43,Ex2
RP11-586K2.1,Ex2
TMEM108,Ex2
ASAP1,Ex2
RUNDC3B,Ex2
CCSER1,Ex2
GRIN2B,Ex2
KIAA1211L,Ex2
RAPGEF5,Ex2
SYN2,Ex2
MCF2L2,Ex2
PAK3,Ex2
PAK1,Ex2
NIN,Ex2
STXBP5-AS1,Ex2
SOX5,Ex2
CLSTN2,Ex2
SCN3A,Ex2
CAMK1D,Ex2
NBEA,Ex2
DLGAP2,Ex2
NOL4,Ex2
NR2F1-AS1,Ex2
LARGE,Ex2
CREG2,Ex2
CACNG3,Ex2
CDK14,Ex2
CDH2,Ex2
LRRTM3,Ex2
TMEM132B,Ex2
DPY19L2P1,Ex2
MYH10,Ex2
GDAP1,Ex2
ADCY1,Ex2
SERPINI1,Ex2
MIAT,Ex2
PI4KA,Ex2
FAM153B,Ex2
BRINP2,Ex2
MLLT3,Ex2
CEP126,Ex2
UCHL1,Ex2
SLC35F3,Ex2
MED12L,Ex2
ATXN1,Ex2
MARK1,Ex2
GOLGA8A,Ex2
GOLGA8B,Ex2
SATB2,Ex2
NTRK3,Ex2
NEFL,Ex2
FSTL4,Ex2
HCN1,Ex2
AEBP2,Ex2
UNC80,Ex2
KCTD1,Ex2
PRICKLE2,Ex2
UGGT2,Ex2
CELF5,Ex2
SCN8A,Ex2
CEP112,Ex2
KCNIP4,Ex3a
PTPRD,Ex3a
PLCB1,Ex3a
FAM19A1,Ex3a
IQCJ-SCHIP1,Ex3a
CSMD1,Ex3a
TENM2,Ex3a
ATRNL1,Ex3a
LDB2,Ex3a
LINGO2,Ex3a
COL5A2,Ex3a
PHACTR1,Ex3a
POU6F2,Ex3a
RP11-594C13.1,Ex3a
SLC38A11,Ex3a
LRFN5,Ex3a
GRM7,Ex3a
NRG3,Ex3a
FAM19A2,Ex3a
HS6ST3,Ex3a
KALRN,Ex3a
KHDRBS2,Ex3a
LRRTM4,Ex3a
CUX2,Ex3a
RP11-191L9.4,Ex3a
DCC,Ex3a
RORB,Ex3a
R3HDM1,Ex3a
GLIS3,Ex3a
CNTNAP2,Ex3a
RGS7,Ex3a
STXBP5L,Ex3a
NTNG1,Ex3a
SNHG14,Ex3a
RBFOX1,Ex3a
KCTD16,Ex3a
KCNQ5,Ex3a
SNTG1,Ex3a
FMN1,Ex3a
ASIC2,Ex3a
CNTN5,Ex3a
MEG3,Ex3a
AGBL4,Ex3a
TESPA1,Ex3a
TMEM132D,Ex3a
ERICH1-AS1,Ex3a
RGS6,Ex3a
NRG1,Ex3a
OPCML,Ex3a
CACNA2D3,Ex3a
CPNE4,Ex3a
GRIN2A,Ex3a
FLRT2,Ex3a
SYT1,Ex3a
TMEM178B,Ex3a
DCLK1,Ex3a
ARPP21,Ex3a
ST6GALNAC5,Ex3a
PTPRT,Ex3a
HECW1,Ex3a
ANKS1B,Ex3a
CADPS2,Ex3a
NELL1,Ex3a
MAGI2,Ex3a
CHN1,Ex3a
ARHGAP26,Ex3a
AC114765.1,Ex3a
SYN3,Ex3a
NECAB1,Ex3a
CAMK2A,Ex3a
PTPRK,Ex3a
CHRM3,Ex3a
CABP1,Ex3a
NRGN,Ex3a
NEGR1,Ex3a
DGKB,Ex3a
RYR2,Ex3a
FAM155A,Ex3a
KHDRBS3,Ex3a
CDH12,Ex3a
FOCAD,Ex3a
FAT3,Ex3a
SLC2A13,Ex3a
RAPGEF5,Ex3a
FSTL4,Ex3a
BRINP1,Ex3a
CELF2,Ex3a
PDE7B,Ex3a
NCALD,Ex3a
PLEKHA5,Ex3a
CNTNAP5,Ex3a
UNC5D,Ex3a
SGCD,Ex3a
PRKCB,Ex3a
MKL2,Ex3a
KCNH1,Ex3a
CACNA1C,Ex3a
MEF2C,Ex3a
MAST4,Ex3a
TANC2,Ex3a
PDE4D,Ex3a
HOMER1,Ex3a
DSCAM,Ex3a
GRM5,Ex3a
HDAC9,Ex3a
ADGRL2,Ex3a
KCTD1,Ex3a
AQP4-AS1,Ex3a
SORCS1,Ex3a
GABRG3,Ex3a
ERC2,Ex3a
EPHA4,Ex3a
MIAT,Ex3a
KCNB2,Ex3a
CERS6,Ex3a
AC011288.2,Ex3a
PDE10A,Ex3a
SCAI,Ex3a
NELL2,Ex3a
GAP43,Ex3a
NEFM,Ex3a
KCNMA1,Ex3a
LINC01250,Ex3a
OLFM3,Ex3a
DLGAP2,Ex3a
PPM1L,Ex3a
MAGI3,Ex3a
FRMD4A,Ex3a
NLK,Ex3a
MLIP,Ex3a
SORBS2,Ex3a
TMEM132B,Ex3a
GPC6,Ex3a
NIPAL2,Ex3a
MTUS2,Ex3a
LRRC7,Ex3a
ADGRB3,Ex3a
CUX1,Ex3a
ZNF385B,Ex3a
LMO4,Ex3a
NGEF,Ex3a
TENM4,Ex3a
KIAA1211L,Ex3a
RIMS2,Ex3a
FRMPD4,Ex3a
SYTL2,Ex3a
ASAP1,Ex3a
ARHGAP32,Ex3a
PPP2R2C,Ex3a
RASAL2,Ex3a
KCNQ3,Ex3a
EPB41L2,Ex3a
EFNA5,Ex3a
CSMD2,Ex3a
DLGAP1-AS4,Ex3a
PTPRN2,Ex3a
SPATS2,Ex3a
PDZRN3,Ex3a
TRHDE,Ex3a
SLIT2,Ex3a
BRINP2,Ex3a
LINC-PINT,Ex3a
PTPRG,Ex3a
CACNG3,Ex3a
NR3C1,Ex3a
PTK2B,Ex3a
LRRTM3,Ex3a
CNTN3,Ex3a
FAM13A,Ex3a
PRR16,Ex3a
MICAL2,Ex3a
BRINP3,Ex3a
SV2B,Ex3a
CNKSR2,Ex3a
MED12L,Ex3a
MAPK10,Ex3a
PTPRO,Ex3a
SEMA6D,Ex3a
CACNA1B,Ex3a
AHI1,Ex3a
EPHA6,Ex3a
LY86-AS1,Ex3a
SLC35F3,Ex3a
AC091878.1,Ex3a
CDK14,Ex3a
DCAF6,Ex3a
ADAM23,Ex3a
HCN1,Ex3a
GRIA3,Ex3a
SATB2,Ex3a
MEG8,Ex3a
PAK3,Ex3a
MYT1L,Ex3a
CHL1,Ex3a
PPP3CA,Ex3a
FBXW7,Ex3a
MAPK4,Ex3a
FGF12,Ex3a
CSMD3,Ex3a
PCDH7,Ex3a
NR3C2,Ex3a
SCN8A,Ex3a
SLC6A7,Ex3a
GABRB3,Ex3a
SCN3A,Ex3a
CACNB4,Ex3a
RP1-34H18.1,Ex3a
CHSY3,Ex3a
VPS13A,Ex3a
PAK1,Ex3a
FOXP1,Ex3a
FAM81A,Ex3a
KCNH7,Ex3a
RFX3,Ex3a
PLXNA4,Ex3a
FARS2,Ex3a
TRERF1,Ex3a
LINC01122,Ex3a
ROCK2,Ex3a
CIT,Ex3a
AEBP2,Ex3a
LRRFIP1,Ex3a
RAPGEF2,Ex3a
PIK3R1,Ex3a
SLC4A10,Ex3a
FTX,Ex3a
FMN2,Ex3a
SIPA1L1,Ex3a
ARL15,Ex3a
EML6,Ex3a
OXR1,Ex3a
RPS6KC1,Ex3a
WASF1,Ex3a
KCNB1,Ex3a
MIR137HG,Ex3a
NUAK1,Ex3a
OSBPL6,Ex3a
MIPOL1,Ex3a
MCF2L2,Ex3a
ATP2B2,Ex3a
MAN1A2,Ex3a
GRIA2,Ex3a
THRB,Ex3a
PKNOX2,Ex3a
SYBU,Ex3a
GLS,Ex3a
LINC00632,Ex3a
NWD2,Ex3a
FRY,Ex3a
STRBP,Ex3a
FAM153B,Ex3a
TMEM108,Ex3a
NEFL,Ex3a
DGKI,Ex3a
PCNXL2,Ex3a
PPFIA2,Ex3a
PCDH11X,Ex3a
ELAVL4,Ex3a
MIR124-2HG,Ex3a
SAMD12,Ex3a
FRAS1,Ex3a
ABLIM2,Ex3a
PRKAR2B,Ex3a
NOL4,Ex3a
UBA6-AS1,Ex3a
CAMK1D,Ex3a
SCN1A,Ex3a
SLC44A5,Ex3a
MLLT3,Ex3a
ZBTB16,Ex3a
LARP1B,Ex3a
ATP8A2,Ex3a
ITPR1,Ex3a
UNC79,Ex3a
CCDC30,Ex3a
NRGN,Ex3b
RORB,Ex3b
OLFM1,Ex3b
CHN1,Ex3b
POU6F2,Ex3b
SNAP25,Ex3b
PTPRD,Ex3b
RP11-767I20.1,Ex3b
NEFM,Ex3b
PDP1,Ex3b
ATP2B2,Ex3b
NEFL,Ex3b
TENM2,Ex3b
FAM19A2,Ex3b
LMO4,Ex3b
CNTN5,Ex3b
FAM19A1,Ex3b
CALM1,Ex3b
CHGA,Ex3b
MEF2C,Ex3b
NTNG1,Ex3b
CPNE4,Ex3b
CCK,Ex3b
CAMK2A,Ex3b
PTPRT,Ex3b
CUX2,Ex3b
KALRN,Ex3b
STMN1,Ex3b
NCDN,Ex3b
PLCB1,Ex3b
LINGO2,Ex3b
TUBA1B,Ex3b
CABP1,Ex3b
ATP1A1,Ex3b
SCN1B,Ex3b
GRIN2A,Ex3b
HTR2A,Ex3b
BRINP1,Ex3b
EIF4A2,Ex3b
LINC00657,Ex3b
SPARCL1,Ex3b
YWHAG,Ex3b
ARPP21,Ex3b
PEBP1,Ex3b
GABRA1,Ex3b
TSC22D1,Ex3b
SLC17A7,Ex3b
NPTN,Ex3b
CUX1,Ex3b
PPP3CA,Ex3b
MAST4,Ex3b
NDUFA4,Ex3b
CCNI,Ex3b
HS6ST3,Ex3b
YWHAH,Ex3b
PHYHIP,Ex3b
PARM1,Ex3b
NUAK1,Ex3b
KHDRBS2,Ex3b
ATP1B1,Ex3b
DCLK1,Ex3b
GRM7,Ex3b
RIMS3,Ex3b
PRKAR1B,Ex3b
SLC2A13,Ex3b
IQCJ-SCHIP1,Ex3b
NSF,Ex3b
OIP5-AS1,Ex3b
TRHDE,Ex3b
PCSK1,Ex3b
NRG1,Ex3b
TSPYL1,Ex3b
STMN2,Ex3b
BASP1,Ex3b
PHACTR1,Ex3b
CSMD1,Ex3b
GABRG3,Ex3b
NCALD,Ex3b
SCN1A,Ex3b
BRINP3,Ex3b
FMN1,Ex3b
THY1,Ex3b
SORCS1,Ex3b
CNTNAP5,Ex3b
NDRG4,Ex3b
CACNA2D3,Ex3b
PSAP,Ex3b
GAPDH,Ex3b
FBXW7,Ex3b
HECW1,Ex3b
PRKCB,Ex3b
R3HDM1,Ex3b
NECAB1,Ex3b
C1orf115,Ex3b
KHDRBS3,Ex3b
SULT4A1,Ex3b
PCP4,Ex3b
NELL2,Ex3b
NAT8L,Ex3b
FOXP1,Ex3b
GABRD,Ex3b
EPHA4,Ex3b
HSPH1,Ex3b
TAGLN3,Ex3b
ATRNL1,Ex3b
ARPP19,Ex3b
VAV3,Ex3b
MAP1B,Ex3b
SLC12A5,Ex3b
NRN1,Ex3b
ENC1,Ex3b
EGR1,Ex3b
RGS4,Ex3b
HIVEP2,Ex3b
SLC30A3,Ex3b
NGFRAP1,Ex3b
PREPL,Ex3b
STXBP1,Ex3b
YWHAB,Ex3b
CAMK2N1,Ex3b
LRRC4C,Ex3b
CAMK2B,Ex3b
CTC-535M15.2,Ex3b
ENO2,Ex3b
CAMTA1,Ex3b
CSMD2,Ex3b
NDFIP1,Ex3b
CNKSR2,Ex3b
RTN1,Ex3b
CALM3,Ex3b
KCNA2,Ex3b
MEF2A,Ex3b
TMEM132D,Ex3b
GABRB2,Ex3b
REEP5,Ex3b
HSP90AB1,Ex3b
ZNF385B,Ex3b
GLS,Ex3b
VSNL1,Ex3b
LRFN5,Ex3b
PJA2,Ex3b
ALDOA,Ex3b
UCHL1,Ex3b
PTK2B,Ex3b
SSX2IP,Ex3b
BEX1,Ex3b
ERC2,Ex3b
TCEAL2,Ex3b
UNC5D,Ex3b
KCNB1,Ex3b
SORL1,Ex3b
RAPGEF5,Ex3b
CKB,Ex3b
C11orf87,Ex3b
SCAI,Ex3b
KLC1,Ex3b
CDK14,Ex3b
SCG5,Ex3b
ACTB,Ex3b
C16orf45,Ex3b
MTATP6P1,Ex3b
KCNH5,Ex3b
RTN3,Ex3b
CREG2,Ex3b
PPIA,Ex3b
RHOBTB2,Ex3b
ADAM23,Ex3b
KIF5C,Ex3b
SH3GL2,Ex3b
MORF4L1,Ex3b
SEPW1,Ex3b
ARHGAP10,Ex3b
KIF3A,Ex3b
DCC,Ex3b
MAP1A,Ex3b
MICAL2,Ex3b
MOAP1,Ex3b
CAMKK2,Ex3b
RPH3A,Ex3b
BNIP3,Ex3b
CACNB4,Ex3b
TRIM37,Ex3b
CLTC,Ex3b
VPS41,Ex3b
PGK1,Ex3b
CHD5,Ex3b
TPI1,Ex3b
CAP2,Ex3b
STRBP,Ex3b
LDB2,Ex3b
PRMT8,Ex3b
LRRK2,Ex3b
ZBTB18,Ex3b
CHL1,Ex3b
LINGO1,Ex3b
GABARAPL1,Ex3b
ACSL3,Ex3b
CTSB,Ex3b
CEND1,Ex3b
FSTL4,Ex3b
TESPA1,Ex3b
GRIN1,Ex3b
SNCB,Ex3b
TMOD2,Ex3b
INA,Ex3b
FAT3,Ex3b
TUBA1A,Ex3b
GABBR2,Ex3b
FAM217B,Ex3b
CADM3,Ex3b
RNF187,Ex3b
ITM2C,Ex3b
ARHGAP32,Ex3b
MIAT,Ex3b
ATP2A2,Ex3b
TPPP,Ex3b
PRNP,Ex3b
CIT,Ex3b
TSPAN7,Ex3b
GCC2,Ex3b
SNTG1,Ex3b
FAIM2,Ex3b
SYT4,Ex3b
NGEF,Ex3b
STMN4,Ex3b
ZNF365,Ex3b
NAP1L2,Ex3b
PPP2R2C,Ex3b
GNAS,Ex3b
G3BP2,Ex3b
USP22,Ex3b
GDI1,Ex3b
NFIX,Ex3b
SMARCA2,Ex3b
TSPAN13,Ex3b
WBP2,Ex3b
SLC44A5,Ex3b
HLF,Ex3b
CPLX1,Ex3b
CA11,Ex3b
IDS,Ex3b
CLSTN1,Ex3b
RAB3A,Ex3b
UNC13A,Ex3b
ELAVL4,Ex3b
RNF11,Ex3b
UBB,Ex3b
KIF5A,Ex3b
HNRNPK,Ex3b
CTC-340A15.2,Ex3b
CSRNP3,Ex3b
TOMM20,Ex3b
SYNGR1,Ex3b
GAP43,Ex3b
SKP1,Ex3b
SATB2,Ex3b
ITM2B,Ex3b
SCAMP5,Ex3b
DDX24,Ex3b
LDHB,Ex3b
MDH1,Ex3b
DNM1,Ex3b
COX6C,Ex3b
SYT13,Ex3b
FAM81A,Ex3b
RAB6B,Ex3b
TSPYL4,Ex3b
ERICH1-AS1,Ex3b
ELMOD1,Ex3b
USP11,Ex3b
PRR16,Ex3b
FLRT2,Ex3b
GLCCI1,Ex3b
PDZRN3,Ex3b
TUBA4A,Ex3b
TERF2IP,Ex3b
CFL1,Ex3b
TTC39C,Ex3b
CCDC136,Ex3b
KIAA1107,Ex3b
RGS7,Ex3b
PTPRN,Ex3b
FBXL16,Ex3b
RCAN2,Ex3b
CAMK2G,Ex3b
RPS14,Ex3b
ATP5B,Ex3b
EIF1,Ex3b
DGKZ,Ex3b
EEF1A2,Ex3b
EID1,Ex3b
ZBTB16,Ex3b
SEPT8,Ex3b
TMEM30A,Ex3b
RAC1,Ex3b
MAGI3,Ex3b
GRINA,Ex3b
TMEM178B,Ex3b
SERINC1,Ex3b
ZFAND5,Ex3b
DKK3,Ex3b
PRKAR1A,Ex3b
FAM168B,Ex3b
TOLLIP,Ex3b
LINC01322,Ex3b
UBC,Ex3b
HOMER1,Ex3b
UQCRH,Ex3b
DYNLL2,Ex3b
ACTG1,Ex3b
UBE2E3,Ex3b
NDFIP2,Ex3b
SPOCK2,Ex3b
SNU13,Ex3b
ABR,Ex3b
ATP5A1,Ex3b
PPP2R1A,Ex3b
YWHAZ,Ex3b
PPP3CB,Ex3b
OSBPL3,Ex3b
ATP6V1B2,Ex3b
OCIAD1,Ex3b
RP11-191L9.4,Ex3b
NAP1L1,Ex3b
ATP6V0B,Ex3b
PNMA2,Ex3b
NEGR1,Ex3b
FAM189A1,Ex3b
FOCAD,Ex3b
CLTA,Ex3b
DSTN,Ex3b
CDK5R1,Ex3b
GABRG2,Ex3b
CNTNAP1,Ex3b
DMTN,Ex3b
CTNNB1,Ex3b
SLC25A3,Ex3b
KIAA0319,Ex3b
NR2F1-AS1,Ex3b
EFNA5,Ex3b
PKD1,Ex3b
RASGRF1,Ex3b
SUGP2,Ex3b
NLRP1,Ex3b
ST8SIA3,Ex3b
B4GAT1,Ex3b
KIFC2,Ex3b
EIF4G2,Ex3b
NUDT3,Ex3b
CDKL5,Ex3b
STMN3,Ex3b
SYTL2,Ex3b
PKM,Ex3b
COX4I1,Ex3b
ATXN7L3B,Ex3b
DCAF6,Ex3b
PCMT1,Ex3b
LIN7A,Ex3b
NDUFA1,Ex3b
EFR3A,Ex3b
ARF1,Ex3b
GNB1,Ex3b
NCEH1,Ex3b
NUDCD3,Ex3b
PRKAR2B,Ex3b
NR2F1,Ex3b
DYNLL1,Ex3b
SLC6A17,Ex3b
C14orf2,Ex3b
ATP6V0A1,Ex3b
ATP6V1E1,Ex3b
ENSA,Ex3b
YPEL3,Ex3b
C16orf52,Ex3b
GUK1,Ex3b
LMO7,Ex3b
SERINC3,Ex3b
GLRB,Ex3b
REEP2,Ex3b
PAK1,Ex3b
KCNAB2,Ex3b
MAP9,Ex3b
MAST3,Ex3b
HMP19,Ex3b
RP5-1187M17.10,Ex3b
RAB11FIP4,Ex3b
TMEM160,Ex3b
SCN8A,Ex3b
MORF4L2,Ex3b
MTPN,Ex3b
RPLP1,Ex3b
BEX2,Ex3b
MPRIP,Ex3b
TUBB2A,Ex3b
NAPEPLD,Ex3b
HSPA12A,Ex3b
SYBU,Ex3b
GOT1,Ex3b
KIF3C,Ex3b
ETV5,Ex3b
RUNDC3A,Ex3b
CAMKV,Ex3b
GNB5,Ex3b
BEX4,Ex3b
KIF1A,Ex3b
PLD3,Ex3b
KIAA1549L,Ex3b
NDUFS2,Ex3b
NAPB,Ex3b
ATP6AP2,Ex3b
KIAA1211L,Ex3b
EPB41L1,Ex3b
MIR124-2HG,Ex3b
PKNOX2,Ex3b
ATP6AP1,Ex3b
PLEKHB2,Ex3b
MTCH1,Ex3b
NRSN1,Ex3b
RANGAP1,Ex3b
MAP2K1,Ex3b
TPM1,Ex3b
KCNH3,Ex3b
LMTK2,Ex3b
CAMKK1,Ex3b
MAP7D2,Ex3b
FZD3,Ex3b
RNF145,Ex3b
SYT16,Ex3b
SLC6A7,Ex3b
RPL15,Ex3b
KIAA0513,Ex3b
RPS27A,Ex3b
CLSTN3,Ex3b
HINT1,Ex3b
ARL6IP5,Ex3b
LPCAT4,Ex3b
PACSIN1,Ex3b
COX7C,Ex3b
FHL1,Ex3b
PTPN5,Ex3b
SYT7,Ex3b
NEFM,Ex3c
NRGN,Ex3c
SNAP25,Ex3c
NEFL,Ex3c
MAP1B,Ex3c
YWHAG,Ex3c
OLFM1,Ex3c
VSNL1,Ex3c
CHN1,Ex3c
NCDN,Ex3c
CALM1,Ex3c
TUBA1B,Ex3c
CALM3,Ex3c
LMO4,Ex3c
THY1,Ex3c
PEBP1,Ex3c
ATP1B1,Ex3c
ENC1,Ex3c
TSPAN7,Ex3c
RGS4,Ex3c
LINC00657,Ex3c
NPTN,Ex3c
BASP1,Ex3c
TSPYL1,Ex3c
ENO2,Ex3c
CKB,Ex3c
BEX1,Ex3c
ATP1A1,Ex3c
APP,Ex3c
PDP1,Ex3c
HSP90AB1,Ex3c
SPARCL1,Ex3c
PRNP,Ex3c
CCK,Ex3c
CREG2,Ex3c
YWHAH,Ex3c
CLSTN1,Ex3c
CHGA,Ex3c
GAPDH,Ex3c
TMSB10,Ex3c
NSF,Ex3c
RTN4,Ex3c
STMN2,Ex3c
PSAP,Ex3c
SLC17A7,Ex3c
YWHAB,Ex3c
ARPP19,Ex3c
GNAS,Ex3c
PGK1,Ex3c
EIF4A2,Ex3c
DMTN,Ex3c
PHYHIP,Ex3c
RTN3,Ex3c
TSC22D1,Ex3c
ALDOA,Ex3c
CAMK2A,Ex3c
ATP2B2,Ex3c
HSP90AA1,Ex3c
SULT4A1,Ex3c
RAB6B,Ex3c
NGFRAP1,Ex3c
CABP1,Ex3c
KLC1,Ex3c
UCHL1,Ex3c
SCN1B,Ex3c
SKP1,Ex3c
PRKAR1B,Ex3c
SCG5,Ex3c
CFL1,Ex3c
PREPL,Ex3c
RTN1,Ex3c
NUAK1,Ex3c
TCEAL2,Ex3c
CAP2,Ex3c
STXBP1,Ex3c
CAMK2N1,Ex3c
ATP2A2,Ex3c
WBP2,Ex3c
NAT8L,Ex3c
MAP1A,Ex3c
PPP3CA,Ex3c
NDRG4,Ex3c
NDUFA4,Ex3c
MDH1,Ex3c
TUBB2A,Ex3c
INA,Ex3c
TPI1,Ex3c
NAPB,Ex3c
SYNGR1,Ex3c
RAB3A,Ex3c
NRN1,Ex3c
NDFIP1,Ex3c
UBC,Ex3c
HSPH1,Ex3c
PNMA2,Ex3c
CAMK2B,Ex3c
CPLX2,Ex3c
MOAP1,Ex3c
RNF11,Ex3c
HINT1,Ex3c
RPH3A,Ex3c
SEPW1,Ex3c
TAGLN3,Ex3c
PKM,Ex3c
DYNLL2,Ex3c
FAIM2,Ex3c
CTSB,Ex3c
CLU,Ex3c
IDS,Ex3c
SERINC3,Ex3c
KCNA2,Ex3c
BEX2,Ex3c
PJA2,Ex3c
ATP5A1,Ex3c
DNM1,Ex3c
ACTB,Ex3c
DKK3,Ex3c
NAP1L2,Ex3c
ATP5B,Ex3c
USP11,Ex3c
TSPYL4,Ex3c
CCNI,Ex3c
GDI1,Ex3c
ATP6V1B2,Ex3c
UQCRH,Ex3c
COX4I1,Ex3c
KIF5A,Ex3c
BEX4,Ex3c
CAMKV,Ex3c
UBB,Ex3c
TMEM30A,Ex3c
GRIN1,Ex3c
TUBA1A,Ex3c
NDUFA1,Ex3c
TMEM59L,Ex3c
STMN1,Ex3c
GABRA1,Ex3c
SYT1,Ex3c
COX7C,Ex3c
SERINC1,Ex3c
CAMKK2,Ex3c
TMSB4X,Ex3c
NUCKS1,Ex3c
AES,Ex3c
SLC12A5,Ex3c
ARF1,Ex3c
ELAVL4,Ex3c
YPEL3,Ex3c
NECAB1,Ex3c
DPYSL2,Ex3c
GAP43,Ex3c
ATP2B1,Ex3c
MAST3,Ex3c
OIP5-AS1,Ex3c
DGKZ,Ex3c
MTCH1,Ex3c
SARAF,Ex3c
TOMM20,Ex3c
CACNG8,Ex3c
PRKAR1A,Ex3c
GCC2,Ex3c
NGEF,Ex3c
SYT11,Ex3c
KIAA1107,Ex3c
SV2B,Ex3c
PRDM2,Ex3c
TMEM130,Ex3c
CADM3,Ex3c
TRIM37,Ex3c
KIF3A,Ex3c
MORF4L1,Ex3c
NAP1L1,Ex3c
DSTN,Ex3c
REEP5,Ex3c
SYP,Ex3c
RORB,Ex3c
SCAMP5,Ex3c
SV2A,Ex3c
KCNB1,Ex3c
GNB1,Ex3c
MAPK1,Ex3c
PPP3CB,Ex3c
KIF1A,Ex3c
RUNDC3A,Ex3c
ABR,Ex3c
FBXW7,Ex3c
NCALD,Ex3c
PIK3R1,Ex3c
USP22,Ex3c
BLCAP,Ex3c
C16orf45,Ex3c
ACSL3,Ex3c
MAP7D2,Ex3c
EIF1,Ex3c
ATP6V0A1,Ex3c
YWHAE,Ex3c
SCN1A,Ex3c
NUDCD3,Ex3c
SIRPA,Ex3c
ATP6V1A,Ex3c
PRKCB,Ex3c
GABRG2,Ex3c
PRRC2B,Ex3c
ITM2B,Ex3c
APLP1,Ex3c
TPPP,Ex3c
KIAA1549L,Ex3c
DCLK1,Ex3c
CAMK2G,Ex3c
SNCA,Ex3c
GLS,Ex3c
ACTG1,Ex3c
ELMOD1,Ex3c
ZNF483,Ex3c
ADAM23,Ex3c
OCIAD1,Ex3c
SORL1,Ex3c
KIF5C,Ex3c
SPTBN1,Ex3c
APBB1,Ex3c
RPS14,Ex3c
MEF2C,Ex3c
ITPR1,Ex3c
CLTC,Ex3c
ROCK2,Ex3c
PAK1,Ex3c
CPE,Ex3c
RAB2A,Ex3c
NCKAP1,Ex3c
RTF1,Ex3c
RUFY3,Ex3c
RPL31,Ex3c
GAS7,Ex3c
DNAJC6,Ex3c
APLP2,Ex3c
LONRF2,Ex3c
SEC62,Ex3c
SEPT7,Ex3c
HIVEP2,Ex3c
WASF1,Ex3c
VPS13A,Ex3c
RCAN2,Ex3c
EPHA4,Ex3c
CNTN5,Ex3d
LRRC4C,Ex3d
NTNG1,Ex3d
TENM2,Ex3d
RORB,Ex3d
PTPRD,Ex3d
GABRG3,Ex3d
SNTG1,Ex3d
POU6F2,Ex3d
PLEKHH2,Ex3d
CTC-340A15.2,Ex3d
PHACTR2,Ex3d
CPNE4,Ex3d
CNTNAP5,Ex3d
RORA,Ex3d
CTC-535M15.2,Ex3d
KCNIP4,Ex3d
TRPC3,Ex3d
ADAMTS17,Ex3d
BRINP3,Ex3d
FAM19A2,Ex3d
CSMD2,Ex3d
CUX1,Ex3d
FAM189A1,Ex3d
VAV3,Ex3d
NLGN1,Ex3d
HS6ST2,Ex3d
RP11-420N3.3,Ex3d
HTR2A,Ex3d
PRKG1,Ex3d
KCNIP1,Ex3d
PLAGL1,Ex3d
MAST4,Ex3d
EYA4,Ex3d
PTPRT,Ex3d
IQCJ-SCHIP1,Ex3d
RYR3,Ex3d
SLC2A13,Ex3d
SPARCL1,Ex3d
NRGN,Ex3d
ZNF385B,Ex3d
SPON1,Ex3d
THSD7A,Ex3d
CUX2,Ex3d
RAB3B,Ex3d
RIMS2,Ex3d
BRINP1,Ex3d
RP11-32K4.1,Ex3d
ILDR2,Ex3d
FAM19A1,Ex3d
GRIN2A,Ex3d
CHGA,Ex3d
RP11-30J20.1,Ex3d
CLMN,Ex3d
PDE3A,Ex3d
UNC13C,Ex3d
PARM1,Ex3d
KHDRBS2,Ex3d
MYO16,Ex3d
PRR16,Ex3d
KCNH8,Ex3d
CDH20,Ex3d
ALOX12P2,Ex3d
SLC8A1,Ex3d
GRM7,Ex3d
ATP2B2,Ex3d
MEF2C,Ex3d
CCDC136,Ex3d
GRIK4,Ex3d
CTNND1,Ex3d
ERC2,Ex3d
MEF2A,Ex3d
GABRB2,Ex3d
NEGR1,Ex3d
PLCB1,Ex3d
ANKS1B,Ex3d
PCSK1,Ex3d
LINGO2,Ex3d
DCLK1,Ex3d
CDK14,Ex3d
SLC44A5,Ex3d
OLFM1,Ex3d
TRHDE,Ex3d
NRG3,Ex3d
KHDRBS3,Ex3d
GABRA1,Ex3d
LRRK2,Ex3d
LRRC28,Ex3d
SYT1,Ex3d
MTUS2,Ex3d
RBMS1,Ex3d
EXTL2,Ex3d
CAMK2G,Ex3d
CSMD1,Ex3d
PTCHD4,Ex3d
PRMT8,Ex3d
ARL4C,Ex3d
KIAA0319,Ex3d
IL1RAPL2,Ex3d
ETS2,Ex3d
PLCH1,Ex3d
LMO7,Ex3d
PEBP1,Ex3d
CCNI,Ex3d
VPS41,Ex3d
SLC38A1,Ex3d
RALYL,Ex3d
LRRC7,Ex3d
SLC6A17,Ex3d
PAM,Ex3d
SCN1B,Ex3d
LIN7A,Ex3d
FOXP2,Ex3d
SMPD3,Ex3d
NELL2,Ex3d
SORL1,Ex3d
CALM1,Ex3d
RGS7,Ex3d
EPHA4,Ex3d
SORCS1,Ex3d
NYAP2,Ex3d
FMN1,Ex3d
NEFL,Ex3d
LMO4,Ex3d
C11orf87,Ex3d
HS6ST3,Ex3d
PTPRO,Ex3d
CELF2,Ex3d
OSBP2,Ex3d
LMO3,Ex3d
SPOCK1,Ex3d
ITPR2,Ex3d
CEMIP,Ex3d
ATP1B1,Ex3d
SCN1A,Ex3d
CACNB4,Ex3d
PGK1,Ex3d
PDP1,Ex3d
FGF12,Ex3d
FBXW7,Ex3d
FSTL4,Ex3d
RCAN2,Ex3d
SNAP25,Ex3d
CACNA1A,Ex3d
FAT3,Ex3d
NAP1L1,Ex3d
PTEN,Ex3d
PBX1,Ex3d
KIAA1109,Ex3d
HIVEP2,Ex3d
ARPP21,Ex3d
PLCXD3,Ex3d
CNKSR2,Ex3d
GABRD,Ex3d
KALRN,Ex3d
KIF5C,Ex3d
HSP90AB1,Ex3d
NTRK2,Ex3d
CLCN4,Ex3d
SRRM3,Ex3d
TTC39C,Ex3d
MDGA2,Ex3d
NR2F1-AS1,Ex3d
KCNMB4,Ex3d
MAPK10,Ex3d
CAMK2B,Ex3d
ARID1B,Ex3d
PDE10A,Ex3d
PPA2,Ex3d
SCAI,Ex3d
TMOD2,Ex3d
SLIT2,Ex3d
SATB2,Ex3d
MED13L,Ex3d
AC067956.1,Ex3d
SSBP2,Ex3d
EIF4A2,Ex3d
ATXN1,Ex3d
RAP1GDS1,Ex3d
MAP1A,Ex3d
PREPL,Ex3d
KCNA2,Ex3d
ADRBK2,Ex3d
HSPH1,Ex3d
AUTS2,Ex3d
RBFOX2,Ex3d
GLCCI1,Ex3d
C8orf34,Ex3d
SSX2IP,Ex3d
ATP1B3,Ex3d
ELL2,Ex3d
PTPRN2,Ex3d
HDAC9,Ex3d
GAPDH,Ex3d
C16orf45,Ex3d
ATP1A1,Ex3d
CLEC16A,Ex3d
UBL3,Ex3d
CTTNBP2,Ex3d
INA,Ex3d
GRAMD1B,Ex3d
NEFM,Ex3d
GABRG2,Ex3d
TCEAL2,Ex3d
HECW1,Ex3d
FOXP1,Ex3d
DAPK1,Ex3d
PTK2B,Ex3d
NPTN,Ex3d
STXBP1,Ex3d
FRY,Ex3d
KIAA1456,Ex3d
BICD1,Ex3d
EIF1,Ex3d
RGS4,Ex3d
CABP1,Ex3d
TSC22D1,Ex3d
C16orf52,Ex3d
SYT7,Ex3d
AIG1,Ex3d
MGST3,Ex3d
BAALC,Ex3d
NDUFA4,Ex3d
SPAG16,Ex3d
STOX2,Ex3d
WDFY3,Ex3d
ARHGAP44,Ex3d
HCN1,Ex3d
GRM5,Ex3d
NSF,Ex3d
STMN4,Ex3d
PTPRR,Ex3d
GABARAPL1,Ex3d
AC114765.1,Ex3d
NDUFS1,Ex3d
CSRNP3,Ex3d
NDRG4,Ex3d
SIK2,Ex3d
MARK1,Ex3d
MAP3K13,Ex3d
NUAK1,Ex3d
MYO5A,Ex3d
SYP,Ex3d
ZMAT4,Ex3d
OSBPL3,Ex3d
TENM4,Ex3d
ZNF91,Ex3d
FOCAD,Ex3d
RAC1,Ex3d
YWHAB,Ex3d
RASGRF1,Ex3d
ITM2B,Ex3d
SNRPN,Ex3d
SLC4A10,Ex3d
CTSB,Ex3d
NRSN1,Ex3d
STMN1,Ex3d
MICAL2,Ex3d
SPOCK2,Ex3d
FAM13B,Ex3d
SLC17A7,Ex3d
YWHAH,Ex3d
VPS13D,Ex3d
SKP1,Ex3d
TPI1,Ex3d
DGKI,Ex3d
ELMOD1,Ex3d
FHOD3,Ex3d
CADM3,Ex3d
ARHGAP26,Ex3d
RPLP1,Ex3d
ST8SIA1,Ex3d
GLRB,Ex3d
TAGLN3,Ex3d
RNF157,Ex3d
PDZRN3,Ex3d
MCF2L2,Ex3d
LMTK2,Ex3d
STRBP,Ex3d
TMEM131,Ex3d
FZD3,Ex3d
CSMD3,Ex3d
SLC23A2,Ex3d
EPHA5,Ex3d
CDC14B,Ex3d
SLC12A5,Ex3d
SULT4A1,Ex3d
YWHAG,Ex3d
PRKAR1B,Ex3d
MORF4L1,Ex3d
PRKAR1A,Ex3d
ANKRD17,Ex3d
OIP5-AS1,Ex3d
KLHL32,Ex3d
ARHGAP32,Ex3d
PLXNA4,Ex3d
ATP5B,Ex3d
ELAVL4,Ex3d
REEP5,Ex3d
KIFAP3,Ex3d
CACNA2D3,Ex3d
RPS14,Ex3d
AC005592.2,Ex3d
MYH10,Ex3d
KCNB1,Ex3d
GLS,Ex3d
NRGN,Ex3e
TUBA1B,Ex3e
UCHL1,Ex3e
OLFM1,Ex3e
NEFL,Ex3e
TMSB4X,Ex3e
TMSB10,Ex3e
CHN1,Ex3e
ENC1,Ex3e
CCK,Ex3e
CALM1,Ex3e
SLC17A7,Ex3e
ARPP19,Ex3e
RTN1,Ex3e
YWHAH,Ex3e
MAP1B,Ex3e
FTH1,Ex3e
SNAP25,Ex3e
CALM3,Ex3e
VSNL1,Ex3e
NEFM,Ex3e
LMO4,Ex3e
BEX1,Ex3e
TUBB2A,Ex3e
PRNP,Ex3e
GAPDH,Ex3e
TUBA1A,Ex3e
STMN1,Ex3e
NGFRAP1,Ex3e
HSP90AA1,Ex3e
ALDOA,Ex3e
SEPW1,Ex3e
RTN3,Ex3e
THY1,Ex3e
HSP90AB1,Ex3e
YWHAG,Ex3e
RGS4,Ex3e
DYNLL1,Ex3e
SPARCL1,Ex3e
ENO2,Ex3e
ACTG1,Ex3e
CREG2,Ex3e
NDUFA4,Ex3e
MTCH1,Ex3e
PEBP1,Ex3e
HSPA8,Ex3e
UBB,Ex3e
CLSTN1,Ex3e
EIF4A2,Ex3e
PPIA,Ex3e
RAB6B,Ex3e
SCN3B,Ex3e
SYT1,Ex3e
BASP1,Ex3e
YWHAB,Ex3e
NAPB,Ex3e
CRYM,Ex3e
YWHAZ,Ex3e
TUBA4A,Ex3e
TPI1,Ex3e
LINC00657,Ex3e
NDRG4,Ex3e
STMN2,Ex3e
KLC1,Ex3e
TAGLN3,Ex3e
MDH1,Ex3e
GNAS,Ex3e
ATP6V1B2,Ex3e
REEP5,Ex3e
HINT1,Ex3e
SERPINI1,Ex3e
CLU,Ex3e
RTN4,Ex3e
TCEB2,Ex3e
GDA,Ex3e
CFL1,Ex3e
BEX2,Ex3e
TMEM59L,Ex3e
CHGA,Ex3e
UBC,Ex3e
TSPYL1,Ex3e
ATP6V1E1,Ex3e
SLIT1,Ex3e
GAP43,Ex3e
PSAP,Ex3e
GHITM,Ex3e
GABARAPL1,Ex3e
ARF1,Ex3e
SNCA,Ex3e
SARAF,Ex3e
SRP14,Ex3e
SV2B,Ex3e
IDS,Ex3e
CAMKV,Ex3e
TOLLIP,Ex3e
TSPAN7,Ex3e
ACTB,Ex3e
SKP1,Ex3e
GDI1,Ex3e
MOAP1,Ex3e
NSF,Ex3e
PDP1,Ex3e
NECAB1,Ex3e
CKB,Ex3e
PKM,Ex3e
COX4I1,Ex3e
TSC22D1,Ex3e
SYN1,Ex3e
STXBP1,Ex3e
TMEM130,Ex3e
RUNDC3A,Ex3e
RPL21,Ex3e
SERINC1,Ex3e
GABARAPL2,Ex3e
NDFIP1,Ex3e
SULT4A1,Ex3e
SYNGR1,Ex3e
CDK5R1,Ex3e
BEX4,Ex3e
ELAVL4,Ex3e
GUK1,Ex3e
NPTN,Ex3e
ATPIF1,Ex3e
STX1A,Ex3e
ITM2C,Ex3e
NAP1L2,Ex3e
SOD1,Ex3e
RPS14,Ex3e
RIMS3,Ex3e
CAMK2A,Ex3e
ATP1A1,Ex3e
USMG5,Ex3e
ST6GALNAC5,Ex3e
ATP5A1,Ex3e
FBXW7,Ex3e
CNRIP1,Ex3e
RPL15,Ex3e
RPS27,Ex3e
SLC25A3,Ex3e
COX6C,Ex3e
MKL2,Ex3e
CABP1,Ex3e
LINGO1,Ex3e
SYT7,Ex3e
MAPK1,Ex3e
DSTN,Ex3e
PCMT1,Ex3e
PJA2,Ex3e
APLP1,Ex3e
SIRPA,Ex3e
RAC1,Ex3e
TPPP,Ex3e
PNMA2,Ex3e
TMEM160,Ex3e
ATP2B2,Ex3e
ATP1B1,Ex3e
DIRAS2,Ex3e
COX5B,Ex3e
NCDN,Ex3e
WBP2,Ex3e
PACSIN1,Ex3e
C14orf2,Ex3e
TOMM20,Ex3e
NDUFB2,Ex3e
STMN3,Ex3e
PRKCB,Ex3e
PEA15,Ex3e
HSPH1,Ex3e
NLRP1,Ex3e
BAALC,Ex3e
KIF5A,Ex3e
DKK3,Ex3e
EIF1,Ex3e
ATP6AP2,Ex3e
GUCY1B3,Ex3e
UQCRH,Ex3e
COX7C,Ex3e
PGM2L1,Ex3e
SYT4,Ex3e
DPYSL2,Ex3e
NAP1L1,Ex3e
DNM1,Ex3e
NELL2,Ex3e
ATP6V1A,Ex3e
EIF4G2,Ex3e
BLCAP,Ex3e
EPHA4,Ex3e
SCG5,Ex3e
KIF3C,Ex3e
SLC39A10,Ex3e
MEF2C,Ex3e
ENO1,Ex3e
WASF1,Ex3e
MAST3,Ex3e
NPTX1,Ex3e
SATB2,Ex3e
USP11,Ex3e
NUAK1,Ex3e
NDFIP2,Ex3e
LMO3,Ex3e
RPLP1,Ex3e
SYT11,Ex3e
SLC6A7,Ex3e
RAB3A,Ex3e
MORF4L2,Ex3e
PREPL,Ex3e
DNAJA1,Ex3e
NGEF,Ex3e
CHL1,Ex3e
NDUFA1,Ex3e
RNF11,Ex3e
ATP5B,Ex3e
DGKZ,Ex3e
RPS27A,Ex3e
ATP2B1,Ex3e
ATP2A2,Ex3e
RPS28,Ex3e
SYTL2,Ex3e
NDUFA10,Ex3e
DMTN,Ex3e
RHBDD2,Ex3e
HNRNPDL,Ex3e
CTSB,Ex3e
GABRA1,Ex3e
NRCAM,Ex3e
ATP9A,Ex3e
RAP1GAP,Ex3e
TCEAL2,Ex3e
EPHB6,Ex3e
NUDT3,Ex3e
RPL31,Ex3e
PTK2B,Ex3e
RPL34,Ex3e
ST8SIA3,Ex3e
NDUFV1,Ex3e
FAIM2,Ex3e
PDE2A,Ex3e
RPS15,Ex3e
INPP5F,Ex3e
EID1,Ex3e
CAMK2B,Ex3e
SYN2,Ex3e
CAMKK2,Ex3e
ATP6AP1,Ex3e
PHYHIP,Ex3e
SLC12A5,Ex3e
RPL35,Ex3e
TSPYL4,Ex3e
MT3,Ex3e
APP,Ex3e
CA11,Ex3e
PIK3R1,Ex3e
LDHB,Ex3e
GABRG2,Ex3e
FHL1,Ex3e
PAK3,Ex3e
MFSD6,Ex3e
OCIAD1,Ex3e
PFDN5,Ex3e
FEZ1,Ex3e
RPL3,Ex3e
ATP6V0B,Ex3e
CHGB,Ex3e
HMP19,Ex3e
PLEKHB2,Ex3e
KIAA1549L,Ex3e
PTPRN,Ex3e
CNTN3,Ex3e
KIAA0930,Ex3e
KIF1A,Ex3e
MAP1LC3A,Ex3e
TESPA1,Ex3e
ZFAND5,Ex3e
MIR124-2HG,Ex3e
G3BP2,Ex3e
RP5-1187M17.10,Ex3e
NISCH,Ex3e
SLC22A17,Ex3e
NCALD,Ex3e
SYNJ1,Ex3e
OPTN,Ex3e
GPC1,Ex3e
PAK1,Ex3e
CDH8,Ex3e
CAMK2N1,Ex3e
ITM2B,Ex3e
APBB1,Ex3e
TRIM37,Ex3e
SCRN1,Ex3e
NPTXR,Ex3e
MARCH6,Ex3e
RPL32,Ex3e
GOLGA8A,Ex3e
DCLK1,Ex3e
ENSA,Ex3e
PLD3,Ex3e
SCG2,Ex3e
RPL38,Ex3e
ADCY1,Ex3e
PPP3CB,Ex3e
ATP5I,Ex3e
GLS,Ex3e
CHD5,Ex3e
TERF2IP,Ex3e
FZD3,Ex3e
HNRNPA2B1,Ex3e
ANO5,Ex3e
KIFAP3,Ex3e
CDKL5,Ex3e
HSPA12A,Ex3e
APLP2,Ex3e
NCKAP1,Ex3e
KIFC2,Ex3e
CPNE4,Ex3e
YPEL3,Ex3e
MORF4L1,Ex3e
LONRF2,Ex3e
ATL1,Ex3e
AC011288.2,Ex3e
SRSF5,Ex3e
PKD1,Ex3e
ATP6V0A1,Ex3e
BSN,Ex3e
RPL23,Ex3e
CAP2,Ex3e
CLTC,Ex3e
GOLGA8B,Ex3e
TMEM30A,Ex3e
PRKAR1B,Ex3e
KIAA1211L,Ex3e
DYNLL2,Ex3e
YWHAE,Ex3e
ZNF483,Ex3e
APBA2,Ex3e
C16orf45,Ex3e
ADD2,Ex3e
MAP7D2,Ex3e
SYP,Ex3e
GRIN1,Ex3e
SEPT11,Ex3e
SORL1,Ex3e
SYBU,Ex3e
TARBP1,Ex3e
CELF5,Ex3e
KCNQ2,Ex3e
ELMOD1,Ex3e
SSX2IP,Ex3e
MIR137HG,Ex3e
FAM49A,Ex3e
AKAP11,Ex3e
MAPRE2,Ex3e
AQP4-AS1,Ex3e
ACTR2,Ex3e
PRKAR1A,Ex3e
PI4KA,Ex3e
KIF3A,Ex3e
VPS41,Ex3e
DYNC1H1,Ex3e
USP22,Ex3e
HSP90B1,Ex3e
SEZ6L2,Ex3e
MYH10,Ex3e
DCAF6,Ex3e
ACSL3,Ex3e
SCN8A,Ex3e
UNC13A,Ex3e
TSPYL2,Ex3e
KCNB1,Ex3e
SEC62,Ex3e
SCAMP5,Ex3e
CACNG8,Ex3e
SV2A,Ex3e
TSHZ2,Ex4
RORB,Ex4
IL1RAPL2,Ex4
DCC,Ex4
SLC22A10,Ex4
RP11-475O6.1,Ex4
SCHLAP1,Ex4
POU6F2,Ex4
FOXP2,Ex4
LMO4,Ex4
TOX,Ex4
OLFM1,Ex4
KHDRBS2,Ex4
PTPRD,Ex4
IQCJ-SCHIP1,Ex4
CNTN5,Ex4
FAM19A2,Ex4
NRGN,Ex4
SLC38A11,Ex4
SYT1,Ex4
TRHDE,Ex4
RALYL,Ex4
KHDRBS3,Ex4
CTC-535M15.2,Ex4
RARB,Ex4
FSTL4,Ex4
LDB2,Ex4
SNTG1,Ex4
MSC-AS1,Ex4
CTC-340A15.2,Ex4
TENM2,Ex4
UNC5D,Ex4
CHN1,Ex4
SLC17A7,Ex4
SORCS1,Ex4
OPCML,Ex4
CPNE4,Ex4
SLC44A5,Ex4
KCNH5,Ex4
MEF2C,Ex4
RP11-191L9.4,Ex4
SPARCL1,Ex4
GABRG3,Ex4
GRM7,Ex4
CCK,Ex4
NELL2,Ex4
RHOBTB2,Ex4
AGBL4,Ex4
IPCEF1,Ex4
SNAP25,Ex4
KALRN,Ex4
EPHA4,Ex4
NUAK1,Ex4
PTPRT,Ex4
ATRNL1,Ex4
AC114765.1,Ex4
LINGO2,Ex4
STMN1,Ex4
RP11-32K4.1,Ex4
STXBP1,Ex4
CTNNA2,Ex4
TUBA1B,Ex4
NRG1,Ex4
LRFN5,Ex4
ATP2B2,Ex4
FOXP1,Ex4
PRKCB,Ex4
TSHZ3,Ex4
ARPP21,Ex4
BASP1,Ex4
HS3ST4,Ex4
MAGI3,Ex4
CREG2,Ex4
PCLO,Ex4
PPP3CA,Ex4
CAMK2A,Ex4
ADGRL2,Ex4
KCNQ5,Ex4
INPP4B,Ex4
PDP1,Ex4
PLCXD3,Ex4
EFNA5,Ex4
CHGA,Ex4
ITPK1,Ex4
NRG3,Ex4
GRIN2A,Ex4
NCDN,Ex4
KCNQ3,Ex4
DCLK1,Ex4
HECW1,Ex4
AC067956.1,Ex4
PPFIBP1,Ex4
ANKS1B,Ex4
UBE2E3,Ex4
NEGR1,Ex4
FBXW7,Ex4
RTN1,Ex4
KIAA0319,Ex4
SYTL2,Ex4
SATB2,Ex4
PIK3R1,Ex4
BRINP1,Ex4
CELF2,Ex4
R3HDM1,Ex4
SV2B,Ex4
ENO2,Ex4
CAP2,Ex4
SCN1B,Ex4
KCNH1,Ex4
SORL1,Ex4
YWHAB,Ex4
VSNL1,Ex4
PARM1,Ex4
BRINP3,Ex4
NCALD,Ex4
TOLLIP,Ex4
CSMD3,Ex4
CAMK1D,Ex4
RGS4,Ex4
GCC2,Ex4
NELL1,Ex4
CCNI,Ex4
PDE10A,Ex4
SLC8A1,Ex4
FMN1,Ex4
CABP1,Ex4
CALM1,Ex4
NTNG1,Ex4
SH3GL2,Ex4
MICAL2,Ex4
ZMAT4,Ex4
CTNNB1,Ex4
MLIP,Ex4
RIMS3,Ex4
TSC22D1,Ex4
CALM3,Ex4
CHSY3,Ex4
NEFL,Ex4
LINC01322,Ex4
CDK14,Ex4
SULT4A1,Ex4
NGFRAP1,Ex4
NDRG4,Ex4
ZNF385B,Ex4
ZNF365,Ex4
LINGO1,Ex4
CA11,Ex4
RGS7,Ex4
PEBP1,Ex4
KIAA1549L,Ex4
MKL2,Ex4
ERICH1-AS1,Ex4
UCHL1,Ex4
CLSTN1,Ex4
DGKI,Ex4
ELAVL4,Ex4
YWHAG,Ex4
FLRT2,Ex4
CNKSR2,Ex4
KCNB1,Ex4
TSPYL1,Ex4
PREPL,Ex4
SLIT1,Ex4
DPY19L2P1,Ex4
EPHB6,Ex4
HIVEP2,Ex4
VPS41,Ex4
EIF4A2,Ex4
IDS,Ex4
MAN1A2,Ex4
SCN3A,Ex4
THRB,Ex4
HERC1,Ex4
BEX1,Ex4
SEMA6D,Ex4
KCND3,Ex4
GABBR2,Ex4
MIR124-2HG,Ex4
OLFM3,Ex4
SPATS2L,Ex4
PHYHIP,Ex4
PRNP,Ex4
CACNB4,Ex4
ZNF804B,Ex4
CAMK2N1,Ex4
CDH10,Ex4
RTN3,Ex4
KIF5C,Ex4
ZMYND8,Ex4
SLC6A7,Ex4
SCN1A,Ex4
SNCA,Ex4
ALDOA,Ex4
GABRA1,Ex4
PJA2,Ex4
PCDH11X,Ex4
REEP5,Ex4
CSRNP3,Ex4
SERPINI1,Ex4
RAPGEF2,Ex4
YWHAH,Ex4
TAGLN3,Ex4
NPTXR,Ex4
HSPH1,Ex4
GLCCI1,Ex4
TSPAN7,Ex4
SYN2,Ex4
KLC1,Ex4
APBA2,Ex4
RPL34,Ex4
SEPW1,Ex4
NWD2,Ex4
PTPN5,Ex4
NPTN,Ex4
PRDM2,Ex4
NPTX1,Ex4
GNAS,Ex4
BSN,Ex4
MIAT,Ex4
ADAM23,Ex4
SSBP3,Ex4
KCNB2,Ex4
EIF1,Ex4
OIP5-AS1,Ex4
STOX2,Ex4
NR2F1-AS1,Ex4
CHD5,Ex4
ATP5B,Ex4
GABRG2,Ex4
PKNOX2,Ex4
MTURN,Ex4
OSBPL6,Ex4
GABRB3,Ex4
RASAL2,Ex4
ARHGAP32,Ex4
PTPRO,Ex4
ZBTB16,Ex4
SEPT8,Ex4
TCEAL2,Ex4
RPL31,Ex4
SPAG16,Ex4
MDH1,Ex4
RPS14,Ex4
DDX24,Ex4
TPI1,Ex4
BCL11A,Ex4
GAP43,Ex4
ATP1A1,Ex4
GLS,Ex4
TPPP,Ex4
LINC00657,Ex4
CFL1,Ex4
ATP6V1B2,Ex4
PDZRN4,Ex4
GRIN1,Ex4
CDKL5,Ex4
KIFC2,Ex4
RP5-1187M17.10,Ex4
PDZRN3,Ex4
TMSB10,Ex4
PRKAR1B,Ex4
BEX2,Ex4
FAIM2,Ex4
SCAI,Ex4
SIRPA,Ex4
UQCRH,Ex4
SLC12A5,Ex4
CAMKV,Ex4
RUNDC3A,Ex4
NDUFA4,Ex4
TRIM37,Ex4
C16orf45,Ex4
CACNG8,Ex4
GUCY1A2,Ex4
THY1,Ex4
TSPYL4,Ex4
PNMA2,Ex4
PLXNA4,Ex4
INPP5F,Ex4
ELMOD1,Ex4
KCNQ2,Ex4
AMPH,Ex4
DGKZ,Ex4
EPHA5,Ex4
FAM189A1,Ex4
SCG5,Ex4
RAB6B,Ex4
NAPB,Ex4
KCNT1,Ex4
RP11-586K2.1,Ex4
GNB5,Ex4
TOMM20,Ex4
PRICKLE1,Ex4
PCP4,Ex5a
TMSB10,Ex5a
SYT1,Ex5a
CLSTN2,Ex5a
CTC-340A15.2,Ex5a
SNAP25,Ex5a
CPNE4,Ex5a
CTC-535M15.2,Ex5a
LRRK1,Ex5a
HS3ST4,Ex5a
RORB,Ex5a
PHACTR1,Ex5a
IPCEF1,Ex5a
CADPS2,Ex5a
RXFP1,Ex5a
CNTN5,Ex5a
VSNL1,Ex5a
KCNIP4,Ex5a
DPP10,Ex5a
OLFM1,Ex5a
HS3ST2,Ex5a
CHN1,Ex5a
KCNQ5,Ex5a
PTPRT,Ex5a
NCALD,Ex5a
NEFL,Ex5a
FOXP2,Ex5a
SLC17A7,Ex5a
EPHA3,Ex5a
DIRAS2,Ex5a
PTPRD,Ex5a
TUBA1B,Ex5a
PCDH7,Ex5a
PDE1C,Ex5a
BASP1,Ex5a
CDK14,Ex5a
CHGA,Ex5a
KCNT2,Ex5a
KHDRBS3,Ex5a
STMN2,Ex5a
SV2B,Ex5a
NRGN,Ex5a
FMN1,Ex5a
NRG1,Ex5a
STMN1,Ex5a
STX1A,Ex5a
ELAVL4,Ex5a
LDB2,Ex5a
BRINP3,Ex5a
IL1RAPL2,Ex5a
ARPP21,Ex5a
KCNC2,Ex5a
SORCS3,Ex5a
KALRN,Ex5a
CALM1,Ex5a
TENM4,Ex5a
FSTL4,Ex5a
NREP,Ex5a
AGBL4,Ex5a
RALYL,Ex5a
CABP1,Ex5a
SLC8A1,Ex5a
IQCJ-SCHIP1,Ex5a
BCL11A,Ex5a
CAMK2D,Ex5a
YWHAG,Ex5a
NRN1,Ex5a
MDGA2,Ex5a
CDH10,Ex5a
LMO4,Ex5a
SLC22A10,Ex5a
SORCS1,Ex5a
KCNH7,Ex5a
KCNQ3,Ex5a
BEX1,Ex5a
POU6F2,Ex5a
HECW1,Ex5a
MAP1B,Ex5a
RTN1,Ex5a
HTR2A,Ex5a
MGLL,Ex5a
EIF4A2,Ex5a
HIVEP2,Ex5a
EPHB6,Ex5a
STXBP1,Ex5a
GRM8,Ex5a
FBXW7,Ex5a
ENO2,Ex5a
R3HDM1,Ex5a
GABRG3,Ex5a
COL11A1,Ex5a
YWHAB,Ex5a
MEF2C,Ex5a
NDRG4,Ex5a
TSPAN7,Ex5a
PRKCB,Ex5a
CDH8,Ex5a
NGEF,Ex5a
TOX,Ex5a
RYR2,Ex5a
SNCA,Ex5a
ZNF385B,Ex5a
NGFRAP1,Ex5a
GRIN2A,Ex5a
THRB,Ex5a
DCLK1,Ex5a
NELL2,Ex5a
CELF4,Ex5a
SULT4A1,Ex5a
TOLLIP,Ex5a
CELF2,Ex5a
GNAS,Ex5a
LRFN5,Ex5a
NKAIN2,Ex5a
ATP1A1,Ex5a
PAK1,Ex5a
CCNI,Ex5a
CCSER1,Ex5a
PNMA2,Ex5a
PEBP1,Ex5a
DCAF6,Ex5a
CALM3,Ex5a
PGM2L1,Ex5a
NRSN1,Ex5a
SPARCL1,Ex5a
C16orf45,Ex5a
MOAP1,Ex5a
ST6GALNAC5,Ex5a
GRM7,Ex5a
NUAK1,Ex5a
NRCAM,Ex5a
NEFM,Ex5a
ATP2B2,Ex5a
SEPW1,Ex5a
PCLO,Ex5a
GABRA1,Ex5a
RP1-34H18.1,Ex5a
MAP2,Ex5a
SSBP3,Ex5a
EFNA5,Ex5a
PPP3CA,Ex5a
MKL2,Ex5a
GCC2,Ex5a
RAPGEF4,Ex5a
TPI1,Ex5a
NAP1L3,Ex5a
RTN3,Ex5a
GABARAPL1,Ex5a
PART1,Ex5a
SYN2,Ex5a
ITPK1,Ex5a
NELL1,Ex5a
SORL1,Ex5a
DNM1,Ex5a
SH3GL2,Ex5a
FAM189A1,Ex5a
GAPDH,Ex5a
THY1,Ex5a
FRMPD4,Ex5a
TPPP,Ex5a
NEGR1,Ex5a
CLSTN1,Ex5a
SNTG1,Ex5a
ST8SIA1,Ex5a
SERPINI1,Ex5a
MAGI3,Ex5a
NDUFA4,Ex5a
EVL,Ex5a
GABRG2,Ex5a
EML6,Ex5a
CEND1,Ex5a
BAALC,Ex5a
NSF,Ex5a
NPTN,Ex5a
RGS4,Ex5a
ERC2,Ex5a
TSPYL1,Ex5a
DYNLL1,Ex5a
TRIM37,Ex5a
IDS,Ex5a
TAGLN3,Ex5a
COX4I1,Ex5a
GDA,Ex5a
MICAL2,Ex5a
SCG2,Ex5a
YPEL3,Ex5a
EPHA5,Ex5a
ZBTB16,Ex5a
HSP90AA1,Ex5a
CNTN3,Ex5a
LINC01322,Ex5a
CAMK2A,Ex5a
EID1,Ex5a
RP11-191L9.4,Ex5a
RAB6B,Ex5a
KIF5A,Ex5a
KLC1,Ex5a
PRKAR1B,Ex5a
FOXP1,Ex5a
SYT7,Ex5a
ATP2A2,Ex5a
GLS,Ex5a
KIF21A,Ex5a
ELAVL2,Ex5a
CPLX2,Ex5a
KIAA1456,Ex5a
PAK3,Ex5a
NAPB,Ex5a
PIK3R1,Ex5a
NDFIP1,Ex5a
CFL1,Ex5a
PDE4D,Ex5a
KIF5C,Ex5a
EEF1A2,Ex5a
UCHL1,Ex5a
PDP1,Ex5a
ATXN7L3B,Ex5a
ALDOA,Ex5a
PRKCE,Ex5a
GLRB,Ex5a
DKK3,Ex5a
FAT3,Ex5a
SIRPA,Ex5a
NIPAL2,Ex5a
TSC22D1,Ex5a
PCDH10,Ex5a
HSP90AB1,Ex5a
DGKZ,Ex5a
WBSCR17,Ex5a
PJA2,Ex5a
PREPL,Ex5a
VPS41,Ex5a
RGS6,Ex5a
CAP2,Ex5a
PRNP,Ex5a
ADD2,Ex5a
CAMKV,Ex5a
CLTC,Ex5a
SATB1-AS1,Ex5a
RIMS3,Ex5a
SYP,Ex5a
HCN1,Ex5a
UQCRH,Ex5a
CAMK2G,Ex5a
SYNGR1,Ex5a
EIF1,Ex5a
RPH3A,Ex5a
KCNB2,Ex5a
SYT11,Ex5a
NPTX1,Ex5a
TRIM44,Ex5a
SATB2,Ex5a
RPL15,Ex5a
CHSY3,Ex5a
RNF11,Ex5a
SARAF,Ex5a
NCDN,Ex5a
BEX4,Ex5a
STXBP5-AS1,Ex5a
ZFAND5,Ex5a
HLF,Ex5a
FAM49A,Ex5a
TLN2,Ex5a
STRBP,Ex5a
GRIN1,Ex5a
KIAA1549L,Ex5a
ATP1B1,Ex5a
SCG5,Ex5a
EPHA4,Ex5a
SNCB,Ex5a
MORF4L1,Ex5a
PPP2R2C,Ex5a
TCEAL2,Ex5a
ACTG1,Ex5a
ARPP19,Ex5a
KIAA1211L,Ex5a
TMEM160,Ex5a
WBP2,Ex5a
GNB1,Ex5a
SCN3A,Ex5a
COX6C,Ex5a
KCNA2,Ex5a
SLIT1,Ex5a
VPS13A,Ex5a
CACNA1C,Ex5a
MGST3,Ex5a
RTN4,Ex5a
PHYHIP,Ex5a
RPL31,Ex5a
KCNB1,Ex5a
SV2A,Ex5a
ATP6V1B2,Ex5a
ATP6V1A,Ex5a
FAIM2,Ex5a
MTURN,Ex5a
GAP43,Ex5a
CACNG8,Ex5a
PDZRN3,Ex5a
CAMK2B,Ex5a
SOD1,Ex5a
PCDH11Y,Ex5a
SEPT8,Ex5a
RAC1,Ex5a
GDI1,Ex5a
LINC00657,Ex5a
ETV5,Ex5a
FAM19A1,Ex5a
NAP1L2,Ex5a
OIP5-AS1,Ex5a
TUBB2A,Ex5a
HINT1,Ex5a
BEX2,Ex5a
MORF4L2,Ex5a
HSPH1,Ex5a
PRKAR1A,Ex5a
UBC,Ex5a
DYNLL2,Ex5a
SCN1B,Ex5a
RAB3A,Ex5a
STMN3,Ex5a
SKP1,Ex5a
PGK1,Ex5a
BSN,Ex5a
ATP5B,Ex5a
PTPN5,Ex5a
USP22,Ex5a
CNRIP1,Ex5a
PCMT1,Ex5a
RPS6,Ex5a
NETO1,Ex5a
SYT4,Ex5a
TOMM20,Ex5a
NUDT3,Ex5a
YWHAH,Ex5a
EIF4G2,Ex5a
PAFAH1B1,Ex5a
PKNOX2,Ex5a
MAPK9,Ex5a
YWHAE,Ex5a
USP11,Ex5a
LINC01378,Ex5a
LINGO1,Ex5a
DMTN,Ex5a
C14orf2,Ex5a
RANGAP1,Ex5a
ATCAY,Ex5a
LDHB,Ex5a
MAST3,Ex5a
STAU2,Ex5a
CDKL5,Ex5a
GOT1,Ex5a
G3BP2,Ex5a
AES,Ex5a
SCAI,Ex5a
AC091878.1,Ex5a
MDH1,Ex5a
CTSB,Ex5a
COX7C,Ex5a
SYNJ1,Ex5a
ANO5,Ex5a
REEP2,Ex5a
PRICKLE1,Ex5a
DPY19L2P1,Ex5a
RPS14,Ex5a
TSPYL4,Ex5a
MIR124-2HG,Ex5a
LRP1B,Ex5b
CTNNA2,Ex5b
KCNIP4,Ex5b
PTPRD,Ex5b
RXFP1,Ex5b
DPP10,Ex5b
SYT1,Ex5b
PDZRN4,Ex5b
NRG1,Ex5b
AC114765.1,Ex5b
PDE4D,Ex5b
CLSTN2,Ex5b
PHACTR1,Ex5b
KCNQ5,Ex5b
HS3ST2,Ex5b
IL1RAPL2,Ex5b
OPCML,Ex5b
AC067956.1,Ex5b
RALYL,Ex5b
MEG3,Ex5b
AGBL4,Ex5b
RYR2,Ex5b
KCNH7,Ex5b
LDB2,Ex5b
PEX5L,Ex5b
POU6F2,Ex5b
STXBP5L,Ex5b
KHDRBS3,Ex5b
CSMD1,Ex5b
KALRN,Ex5b
KHDRBS2,Ex5b
TMSB10,Ex5b
FSTL4,Ex5b
ZNF804B,Ex5b
CCSER1,Ex5b
NKAIN2,Ex5b
NRG3,Ex5b
ATRNL1,Ex5b
SLIT1,Ex5b
NELL2,Ex5b
CPNE4,Ex5b
RP1-34H18.1,Ex5b
MIR137HG,Ex5b
DSCAM,Ex5b
RBFOX1,Ex5b
RP11-586K2.1,Ex5b
PART1,Ex5b
FOXP2,Ex5b
SLC35F3,Ex5b
LRRC7,Ex5b
CHSY3,Ex5b
DNAH6,Ex5b
SV2B,Ex5b
SLC35F1,Ex5b
TENM4,Ex5b
NELL1,Ex5b
SORCS1,Ex5b
CHN1,Ex5b
CELF2,Ex5b
SLC17A7,Ex5b
CDH12,Ex5b
IQCJ-SCHIP1,Ex5b
TMEM132D,Ex5b
CABP1,Ex5b
KCNB2,Ex5b
ARPP21,Ex5b
PTPRK,Ex5b
LY86-AS1,Ex5b
HS3ST5,Ex5b
LRFN5,Ex5b
NRCAM,Ex5b
R3HDM1,Ex5b
EFNA5,Ex5b
DMD,Ex5b
SYN2,Ex5b
NECAB1,Ex5b
CHRM3,Ex5b
PCDH7,Ex5b
ENC1,Ex5b
FAM155A,Ex5b
ERC2,Ex5b
FRMD4A,Ex5b
CCK,Ex5b
FBXW7,Ex5b
THRB,Ex5b
NCAM2,Ex5b
LARGE,Ex5b
ADGRL2,Ex5b
NRGN,Ex5b
NETO1,Ex5b
MKL2,Ex5b
MMP16,Ex5b
RGS6,Ex5b
GABRG3,Ex5b
GRIA1,Ex5b
FMN1,Ex5b
MCTP1,Ex5b
SLC39A11,Ex5b
PRKD1,Ex5b
KCNQ3,Ex5b
GAP43,Ex5b
PRKCB,Ex5b
AQP4-AS1,Ex5b
RP11-191L9.4,Ex5b
GABRB3,Ex5b
SOX5,Ex5b
ST6GALNAC5,Ex5b
GRM5,Ex5b
OXR1,Ex5b
HECW1,Ex5b
KCNT2,Ex5b
PCSK2,Ex5b
DCLK1,Ex5b
KCNMB4,Ex5b
CSGALNACT1,Ex5b
MDGA2,Ex5b
RASAL2,Ex5b
ZNF385B,Ex5b
LMO4,Ex5b
AK5,Ex5b
HS3ST4,Ex5b
HTR1E,Ex5b
ANKS1B,Ex5b
SNCA,Ex5b
CELF4,Ex5b
RAPGEF4,Ex5b
GRIA3,Ex5b
CACNA2D3,Ex5b
SCN3B,Ex5b
CCDC3,Ex5b
SATB2,Ex5b
KIAA1211L,Ex5b
ATP2B1,Ex5b
VSNL1,Ex5b
CDH10,Ex5b
RP11-384F7.2,Ex5b
CDK14,Ex5b
PDE1A,Ex5b
SNTG1,Ex5b
ERICH1-AS1,Ex5b
CSMD3,Ex5b
NAV3,Ex5b
FRMPD4,Ex5b
CREG2,Ex5b
CACNA1B,Ex5b
FOXP1,Ex5b
EPHB6,Ex5b
UCHL1,Ex5b
AFF3,Ex5b
KCNMA1,Ex5b
NGEF,Ex5b
EML6,Ex5b
BMPER,Ex5b
PTPRT,Ex5b
PPFIBP1,Ex5b
AC091878.1,Ex5b
PRICKLE1,Ex5b
CACNA1C,Ex5b
CAMK1D,Ex5b
KCNH1,Ex5b
SLC4A10,Ex5b
PPP3CA,Ex5b
MAPK10,Ex5b
PID1,Ex5b
TRIM9,Ex5b
NCALD,Ex5b
AC011288.2,Ex5b
CNTN3,Ex5b
BRINP3,Ex5b
NUAK1,Ex5b
DIRAS2,Ex5b
MAP2,Ex5b
UNC80,Ex5b
DGKI,Ex5b
LINC01250,Ex5b
DOK6,Ex5b
EPHA5,Ex5b
SCN3A,Ex5b
NPAS2,Ex5b
DLGAP2,Ex5b
SLC39A10,Ex5b
MAST3,Ex5b
APBA2,Ex5b
PI4KA,Ex5b
ARHGAP26,Ex5b
PACRG,Ex5b
PRKAG2,Ex5b
SLIT3,Ex5b
HOMER1,Ex5b
NPTX1,Ex5b
MAGI3,Ex5b
VPS13A,Ex5b
SHISA9,Ex5b
NWD2,Ex5b
EXT1,Ex5b
ARL15,Ex5b
WASF1,Ex5b
PPP2R2C,Ex5b
ITPR1,Ex5b
BCL11A,Ex5b
CACNG3,Ex5b
CHD5,Ex5b
RASA2,Ex5b
SEPT11,Ex5b
MLIP,Ex5b
MICAL2,Ex5b
RAP1GAP2,Ex5b
FMN2,Ex5b
BASP1,Ex5b
GLS,Ex5b
FAT3,Ex5b
RGS4,Ex5b
KCTD16,Ex5b
TUBA1B,Ex5b
MEG8,Ex5b
DGKZ,Ex5b
LMO3,Ex5b
NIN,Ex5b
SERPINI1,Ex5b
PRICKLE2,Ex5b
KIAA1549L,Ex5b
DCC,Ex5b
NEFL,Ex5b
VPS41,Ex5b
ADAM23,Ex5b
SHC3,Ex5b
FBXL2,Ex5b
KCTD1,Ex5b
TOX,Ex5b
WDR17,Ex5b
FOCAD,Ex5b
MIR124-2HG,Ex5b
ELAVL4,Ex5b
MIAT,Ex5b
ST8SIA5,Ex5b
BSN,Ex5b
YWHAH,Ex5b
GUCY1A2,Ex5b
TESPA1,Ex5b
AC007246.3,Ex5b
HTR2C,Ex6a
IFNG-AS1,Ex6a
ASIC2,Ex6a
NPSR1-AS1,Ex6a
TSHZ2,Ex6a
RP11-420N3.3,Ex6a
ROBO3,Ex6a
DPP10,Ex6a
ITGA8,Ex6a
ZNF385D,Ex6a
HS3ST4,Ex6a
PCP4,Ex6a
CRYM,Ex6a
TMEM155,Ex6a
LRP1B,Ex6a
LHFPL3,Ex6a
KCNT2,Ex6a
SEMA5B,Ex6a
GRM8,Ex6a
DIRAS2,Ex6a
MDGA2,Ex6a
SORCS2,Ex6a
OLFM3,Ex6a
MEG3,Ex6a
PRR16,Ex6a
TLE4,Ex6a
GRIP1,Ex6a
TLL1,Ex6a
KCNIP1,Ex6a
FGFR1,Ex6a
TRHDE,Ex6a
CHRM2,Ex6a
CPNE4,Ex6a
LUZP2,Ex6a
ANKRD20A5P,Ex6a
BCL11B,Ex6a
GHR,Ex6a
KIAA1456,Ex6a
SEMA3E,Ex6a
CNTNAP2,Ex6a
CDH8,Ex6a
DAB1,Ex6a
KCNB2,Ex6a
COL11A1,Ex6a
TOX,Ex6a
SLC24A2,Ex6a
MYRIP,Ex6a
RYR2,Ex6a
NLGN1,Ex6a
VWC2L,Ex6a
MAPK10,Ex6a
DPY19L1,Ex6a
SNTG1,Ex6a
DSCAM,Ex6a
NRG3,Ex6a
FOXP2,Ex6a
DCLK1,Ex6a
GRIN3A,Ex6a
CLSTN2,Ex6a
ERC2,Ex6a
SPOCK1,Ex6a
KIAA1217,Ex6a
LDB2,Ex6a
PTPRD,Ex6a
CDH13,Ex6a
ENPP7P4,Ex6a
ZNF385B,Ex6a
KHDRBS2,Ex6a
RALGPS2,Ex6a
ALCAM,Ex6a
ADAMTS19,Ex6a
NKAIN2,Ex6a
MGAT4C,Ex6a
AGBL4,Ex6a
DLC1,Ex6a
ADCY2,Ex6a
OPCML,Ex6a
PDZRN4,Ex6a
RANBP17,Ex6a
PCDH17,Ex6a
CSMD3,Ex6a
GALNT14,Ex6a
KCTD8,Ex6a
GRM5,Ex6a
SYT1,Ex6a
STXBP6,Ex6a
LMO7,Ex6a
GABRG3,Ex6a
GRM3,Ex6a
LRRTM3,Ex6a
CHSY3,Ex6a
CORO6,Ex6a
DCC,Ex6a
FARP1,Ex6a
UST,Ex6a
PTPN13,Ex6a
TRPM2,Ex6a
MEIS2,Ex6a
RP11-586K2.1,Ex6a
NYAP2,Ex6a
PLXNA4,Ex6a
DOCK4,Ex6a
SGCD,Ex6a
EML6,Ex6a
SLC44A5,Ex6a
DIP2A,Ex6a
KIAA0319,Ex6a
KLHL5,Ex6a
BACH2,Ex6a
MLLT4,Ex6a
SH3RF3,Ex6a
STRBP,Ex6a
CAMK2D,Ex6a
CTC-340A15.2,Ex6a
ITM2C,Ex6a
TMEM232,Ex6a
DPY19L2P1,Ex6a
FRAS1,Ex6a
CELF2,Ex6a
ZNF704,Ex6a
MAP1B,Ex6a
CHN1,Ex6a
HS6ST3,Ex6a
MAGI3,Ex6a
SDK1,Ex6a
SCN3B,Ex6a
MYT1L,Ex6a
CADPS,Ex6a
AC074363.1,Ex6a
PCDH11Y,Ex6a
PTPRR,Ex6a
NELL2,Ex6a
SLC24A3,Ex6a
FRMD4A,Ex6a
ASTN2,Ex6a
LINGO2,Ex6a
KCNH7,Ex6a
NELL1,Ex6a
SLC35F3,Ex6a
RP1-34H18.1,Ex6a
GRIN2B,Ex6a
PAK7,Ex6a
PHACTR1,Ex6a
RPH3A,Ex6a
HERC1,Ex6a
NBEA,Ex6a
CERS6,Ex6a
KCNQ3,Ex6a
ARPP21,Ex6a
XKR6,Ex6a
DLGAP4,Ex6a
SLC35F1,Ex6a
PTPRN2,Ex6a
GRIN2A,Ex6a
PAK3,Ex6a
SOX5,Ex6a
OXR1,Ex6a
ST6GALNAC5,Ex6a
EVL,Ex6a
HIVEP2,Ex6a
SNCA,Ex6a
GPR158,Ex6a
AC005592.2,Ex6a
LRRC4C,Ex6a
TLN2,Ex6a
LRRC7,Ex6a
AEBP2,Ex6a
FMN2,Ex6a
ANKRD30BL,Ex6a
ELAVL4,Ex6a
NEGR1,Ex6a
MACROD2,Ex6a
BCL11A,Ex6a
PRICKLE1,Ex6a
CAP2,Ex6a
IDS,Ex6a
RNF144A,Ex6a
TANC2,Ex6a
CACNB4,Ex6a
SCN8A,Ex6a
FRMPD4,Ex6a
EPHA5,Ex6a
RPS6KC1,Ex6a
CDK14,Ex6a
SV2B,Ex6a
HDAC9,Ex6a
CHL1,Ex6a
BMPER,Ex6a
MARK1,Ex6a
SORL1,Ex6a
PLEKHA5,Ex6a
PGM2L1,Ex6a
EFR3A,Ex6a
SETBP1,Ex6a
FAM189A1,Ex6a
SORBS2,Ex6a
RP5-921G16.1,Ex6a
SLC8A1,Ex6a
TUBA1B,Ex6a
TPST1,Ex6a
ARHGAP44,Ex6a
CACNA1B,Ex6a
RAP1GAP2,Ex6a
HCN1,Ex6a
BRAF,Ex6a
KCNJ6,Ex6a
BASP1,Ex6a
ZFYVE28,Ex6a
EXOC4,Ex6a
SPAG16,Ex6a
NDFIP1,Ex6a
ZBTB16,Ex6a
SUSD4,Ex6a
RAPGEF4,Ex6a
PTPRT,Ex6a
FAM49A,Ex6a
MICU1,Ex6a
IQSEC1,Ex6a
UCHL1,Ex6a
LINC00632,Ex6a
KIFAP3,Ex6a
MYO5A,Ex6a
PLCL2,Ex6a
SRRM3,Ex6a
EPB41L3,Ex6a
GABRA1,Ex6a
FAM153B,Ex6a
ASAP1,Ex6a
DANT2,Ex6a
RBM5,Ex6a
KHDRBS3,Ex6a
CACNG3,Ex6a
SHISA9,Ex6a
HS3ST4,Ex6b
SEMA3E,Ex6b
ASIC2,Ex6b
KIAA1217,Ex6b
DPP10,Ex6b
LRP1B,Ex6b
PTPRD,Ex6b
MDGA2,Ex6b
EGFEM1P,Ex6b
ROBO2,Ex6b
DLC1,Ex6b
SLC8A1,Ex6b
RALYL,Ex6b
PDZRN4,Ex6b
TLE4,Ex6b
CSMD1,Ex6b
MEG3,Ex6b
CLSTN2,Ex6b
RYR3,Ex6b
FOXP2,Ex6b
RXFP1,Ex6b
MCTP1,Ex6b
RYR2,Ex6b
PHACTR1,Ex6b
RP11-586K2.1,Ex6b
LRRTM4,Ex6b
TMEFF2,Ex6b
SLC35F1,Ex6b
NRG3,Ex6b
SLIT1,Ex6b
TRPM3,Ex6b
CADPS,Ex6b
SYNPO2,Ex6b
OLFM3,Ex6b
SYT1,Ex6b
PDE4D,Ex6b
NRG1,Ex6b
ARPP21,Ex6b
CELF2,Ex6b
NKAIN2,Ex6b
LUZP2,Ex6b
FRMPD4,Ex6b
KALRN,Ex6b
EPHA5,Ex6b
DLG2,Ex6b
GRIK3,Ex6b
GABRG3,Ex6b
AGBL4,Ex6b
KCNH5,Ex6b
KHDRBS3,Ex6b
FAM155A,Ex6b
KCNH7,Ex6b
DMD,Ex6b
COL24A1,Ex6b
PEX5L,Ex6b
ATP2B1,Ex6b
SORBS2,Ex6b
SCN3B,Ex6b
DSCAM,Ex6b
RP1-34H18.1,Ex6b
PRKCB,Ex6b
MIR137HG,Ex6b
SV2B,Ex6b
NPTX1,Ex6b
PDE1A,Ex6b
OPCML,Ex6b
XKR4,Ex6b
MEIS2,Ex6b
NELL2,Ex6b
LINC01122,Ex6b
CACNA2D3,Ex6b
PCDH11X,Ex6b
ERC2,Ex6b
GRIA3,Ex6b
DIRAS2,Ex6b
PRKAG2,Ex6b
CHSY3,Ex6b
DCLK1,Ex6b
ANKS1B,Ex6b
AQP4-AS1,Ex6b
LDB2,Ex6b
KCNMB4,Ex6b
AK5,Ex6b
MMP16,Ex6b
PCDH11Y,Ex6b
LRRC7,Ex6b
SEZ6L,Ex6b
DGKG,Ex6b
PAK7,Ex6b
TANC2,Ex6b
AFF3,Ex6b
CHN1,Ex6b
RAP1GAP2,Ex6b
GRM5,Ex6b
PCLO,Ex6b
LARGE,Ex6b
DGKI,Ex6b
ADCY1,Ex6b
ZFPM2,Ex6b
NFIB,Ex6b
KHDRBS2,Ex6b
DPY19L2P1,Ex6b
NEGR1,Ex6b
KCNQ5,Ex6b
AC091878.1,Ex6b
C8orf34,Ex6b
RAP1GAP,Ex6b
FRAS1,Ex6b
NRCAM,Ex6b
GRM3,Ex6b
CACNA1E,Ex6b
NDFIP2,Ex6b
CCSER1,Ex6b
DOCK4,Ex6b
CAMK2D,Ex6b
DIP2A,Ex6b
ADAM23,Ex6b
PRICKLE1,Ex6b
CNTNAP5,Ex6b
GARNL3,Ex6b
SLIT3,Ex6b
TMEM178A,Ex6b
KIAA1456,Ex6b
POU6F2,Ex6b
BCL11A,Ex6b
HECW1,Ex6b
PCDH7,Ex6b
DSCAML1,Ex6b
PTPRN2,Ex6b
RIMS2,Ex6b
PLEKHA5,Ex6b
MLLT4,Ex6b
NGEF,Ex6b
SLC17A7,Ex6b
FBXW7,Ex6b
MARCH1,Ex6b
MAP2,Ex6b
CHRM3,Ex6b
SOX5,Ex6b
KCNMA1,Ex6b
DOK6,Ex6b
GUCY1A2,Ex6b
OXR1,Ex6b
PCSK2,Ex6b
CAMK2G,Ex6b
NAV3,Ex6b
AC011288.2,Ex6b
DKK3,Ex6b
MYT1L,Ex6b
STXBP5,Ex6b
ARHGAP26,Ex6b
TENM3,Ex6b
DYNC1I1,Ex6b
KIAA1211L,Ex6b
CABP1,Ex6b
BMPER,Ex6b
ERICH1-AS1,Ex6b
PAK3,Ex6b
PRICKLE2,Ex6b
PTPRR,Ex6b
KCTD1,Ex6b
CELF4,Ex6b
STXBP5-AS1,Ex6b
CACNG3,Ex6b
KIAA0930,Ex6b
SORCS3,Ex6b
CDH2,Ex6b
SEPT11,Ex6b
ASAP1,Ex6b
SLC4A10,Ex6b
MKL2,Ex6b
AP001347.6,Ex6b
WDR17,Ex6b
GAS7,Ex6b
NIN,Ex6b
MLIP,Ex6b
PGM2L1,Ex6b
GABRB3,Ex6b
CACNA1B,Ex6b
MIAT,Ex6b
PPM1E,Ex6b
GPR158,Ex6b
LRRTM3,Ex6b
PTPRG,Ex6b
EFNA5,Ex6b
UCHL1,Ex6b
RAPGEF4,Ex6b
ZNF385B,Ex6b
HIVEP3,Ex6b
CAP2,Ex6b
SOBP,Ex6b
ANKRD36B,Ex6b
HIVEP2,Ex6b
SCN3A,Ex6b
STRBP,Ex6b
TMEM232,Ex6b
ARHGAP44,Ex6b
CHD5,Ex6b
AEBP2,Ex6b
CELF5,Ex6b
PDE8B,Ex6b
FAM153B,Ex6b
ARHGAP32,Ex6b
RP11-166D19.1,Ex6b
NLGN4Y,Ex6b
FUT9,Ex6b
HOMER1,Ex6b
LL22NC03-2H8.5,Ex6b
CSRNP3,Ex6b
KIFC2,Ex6b
PPM1L,Ex6b
PDS5B,Ex6b
KCNB2,Ex6b
AC007246.3,Ex6b
ATP2C1,Ex6b
THY1,Ex6b
DLGAP2,Ex6b
SUSD4,Ex6b
ZNF804B,Ex8
KCNIP4,Ex8
POSTN,Ex8
RGS12,Ex8
MCTP2,Ex8
NRG1,Ex8
SORBS2,Ex8
KCTD16,Ex8
ERC2,Ex8
NTNG2,Ex8
FRAS1,Ex8
LSAMP,Ex8
RP11-384F7.2,Ex8
HS3ST4,Ex8
CADPS,Ex8
GALNT14,Ex8
CLSTN2,Ex8
THEMIS,Ex8
SYT1,Ex8
PDZRN4,Ex8
NWD2,Ex8
TMEM132D,Ex8
HPSE2,Ex8
NR4A2,Ex8
EGFEM1P,Ex8
TENM4,Ex8
GNG2,Ex8
SOX5,Ex8
ATP8B1,Ex8
SEMA6D,Ex8
SYNPR,Ex8
IQCJ-SCHIP1,Ex8
DLG2,Ex8
RIMS2,Ex8
RIT2,Ex8
CDH12,Ex8
SLIT1,Ex8
PDE1A,Ex8
RBFOX1,Ex8
RXFP1,Ex8
CSMD1,Ex8
MAGI3,Ex8
PCDH9,Ex8
PCSK2,Ex8
TESC,Ex8
TRPC5,Ex8
SATB2,Ex8
AK5,Ex8
SPOCK1,Ex8
DACH1,Ex8
CPNE5,Ex8
PPFIBP1,Ex8
RP11-586K2.1,Ex8
ARNTL2,Ex8
KALRN,Ex8
ITGB8,Ex8
CCK,Ex8
LAMA4,Ex8
TENM3,Ex8
GSG1L,Ex8
RASGEF1C,Ex8
ZNF804A,Ex8
RPL31,Ex8
RASGRP1,Ex8
TMSB10,Ex8
MEG3,Ex8
CBLN2,Ex8
CSGALNACT1,Ex8
ARAP2,Ex8
UNC5C,Ex8
PLD5,Ex8
SETBP1,Ex8
RALYL,Ex8
CUX1,Ex8
GNAO1,Ex8
RP11-739G5.1,Ex8
MMP16,Ex8
SUSD4,Ex8
MAP2K1,Ex8
CACNA1B,Ex8
CELF2,Ex8
DSCAML1,Ex8
MCHR2,Ex8
CADPS2,Ex8
KCNQ3,Ex8
MGAT5,Ex8
ADCY2,Ex8
UNC5D,Ex8
INPP4B,Ex8
CACNA1E,Ex8
DGKI,Ex8
PLEKHA5,Ex8
CPNE4,Ex8
CACNA1C,Ex8
CACNA2D3,Ex8
SGCD,Ex8
NELL2,Ex8
FRMD4A,Ex8
RPL23,Ex8
TRHDE,Ex8
KHDRBS2,Ex8
KCNQ5,Ex8
SYNJ2,Ex8
CHSY3,Ex8
LRFN2,Ex8
CNTNAP5,Ex8
RPS18,Ex8
GABRG3,Ex8
ADGRL2,Ex8
NECAB1,Ex8
DCLK1,Ex8
CPLX2,Ex8
FMN1,Ex8
RPS4X,Ex8
SEZ6L,Ex8
NPTX1,Ex8
SORCS3,Ex8
MTUS2,Ex8
GRIP1,Ex8
DGKH,Ex8
CHRM3,Ex8
SIPA1L1,Ex8
RPL37A,Ex8
CDKL5,Ex8
RP1-34H18.1,Ex8
LMO4,Ex8
SYT7,Ex8
SORBS1,Ex8
NELL1,Ex8
ERICH1-AS1,Ex8
TANC2,Ex8
ADAM23,Ex8
EFNA5,Ex8
GNG7,Ex8
PTPRN2,Ex8
FAM134B,Ex8
PRICKLE2,Ex8
KCNT2,Ex8
ABCC8,Ex8
ENOX1,Ex8
C16orf45,Ex8
RP11-191L9.4,Ex8
SHC3,Ex8
STXBP5-AS1,Ex8
RPS12,Ex8
PDZRN3,Ex8
CDC14B,Ex8
BAIAP2,Ex8
DGKZ,Ex8
RPL13A,Ex8
CTDSPL,Ex8
ATP5E,Ex8
CELF4,Ex8
PRKCB,Ex8
PTPRT,Ex8
ZNF385B,Ex8
FBXL2,Ex8
POU6F2,Ex8
MCF2L2,Ex8
RAP1GAP2,Ex8
CNTN4,Ex8
CDH2,Ex8
CAMKK2,Ex8
RPS27A,Ex8
VPS13D,Ex8
RPLP2,Ex8
NRCAM,Ex8
NBEA,Ex8
NDFIP2,Ex8
LRRN2,Ex8
ADGRB3,Ex8
RPL34,Ex8
RPS6,Ex8
ARPP19,Ex8
CDK14,Ex8
RPL35,Ex8
SNCA,Ex8
SLC8A1,Ex8
TMEM178A,Ex8
RPL27,Ex8
MIR137HG,Ex8
RPL32,Ex8
BMPER,Ex8
LINGO1,Ex8
SEPT11,Ex8
LARGE,Ex8
HINT1,Ex8
ST8SIA5,Ex8
MBOAT2,Ex8
GRIA1,Ex8
RPS24,Ex8
MAST3,Ex8
CCDC3,Ex8
ATP2B2,Ex8
PDE2A,Ex8
OSBPL3,Ex8
CTNNAL1,Ex8
EPHA4,Ex8
SV2B,Ex8
RPL21,Ex8
MIAT,Ex8
MKL2,Ex8
FOXP1,Ex8
PTPRO,Ex8
TAGLN3,Ex8
RPS15,Ex8
GNPTAB,Ex8
NAV3,Ex8
RPL37,Ex8
RASA2,Ex8
MAN1A2,Ex8
CAMK1D,Ex8
RPLP1,Ex8
LARP1B,Ex8
CREG2,Ex8
GAP43,Ex8
ATP2B1,Ex8
SLC4A10,Ex8
PTPRR,Ex8
TRIM9,Ex8
RPL13,Ex8
UNC13A,Ex8
KCTD1,Ex8
CYTH1,Ex8
TMEM178B,Ex8
GABRB3,Ex8
MEF2A,Ex8
CCNI,Ex8
GUK1,Ex8
SRGAP3,Ex8
ITPR1,Ex8
KCNH3,Ex8
NPAS2,Ex8
C11orf80,Ex8
SLC17A7,Ex8
UQCRB,Ex8
WSB1,Ex8
MAGI1,Ex8
SEPW1,Ex8
ARHGAP21,Ex8
MNAT1,Ex8
UCHL1,Ex8
ACTN1,Ex8
ARHGAP44,Ex8
RPS19,Ex8
RPL38,Ex8
DYNLL1,Ex8
RPL3,Ex8
RPS14,Ex8
FMN2,Ex8
GLS,Ex8
EXOC6,Ex8
CHD5,Ex8
RPS8,Ex8
SCN3A,Ex8
PPP2R2C,Ex8
CABP1,Ex8
HOMER1,Ex8
PRICKLE1,Ex8
PDE8B,Ex8
SOBP,Ex8
PRMT8,Ex8
DLGAP2,Ex8
BRINP2,Ex8
STMN1,Ex8
SLF1,Ex8
TASP1,Ex8
PACRG,Ex8
WASF1,Ex8
NIN,Ex8
TTLL11,Ex8
BDP1,Ex8
PPFIA2,Ex8
GUCY1A2,Ex8
THY1,Ex8
STXBP5,Ex8
ROCK2,Ex8
RABGAP1,Ex8
OLFM3,Ex8
AC091878.1,Ex8
PPP2R5C,Ex8
GFOD1,Ex8
ICA1L,Ex8
NETO1,Ex8
DZIP3,Ex8
TACC1,Ex8
KIAA1211L,Ex8
TARBP1,Ex8
ZNF365,Ex8
CELF5,Ex8
AQP4-AS1,Ex8
FHOD3,Ex8
PLXNA4,Ex8
RPS6KC1,Ex8
RSRP1,Ex8
DOK6,Ex8
KIF5A,Ex8
ABLIM2,Ex8
KIFC2,Ex8
CCK,In1a
CNR1,In1a
CXCL14,In1a
ADARB2,In1a
CRH,In1a
GALNTL6,In1a
CNTN5,In1a
ROBO2,In1a
RP11-123O10.4,In1a
CHRNA7,In1a
NPAS3,In1a
RGS12,In1a
RBMS3,In1a
WIF1,In1a
RELN,In1a
NR2F2-AS1,In1a
IL1RAPL2,In1a
NECAB2,In1a
DLX6-AS1,In1a
GRIP1,In1a
GRIK2,In1a
SORCS3,In1a
ROBO1,In1a
PLCXD3,In1a
AP1S2,In1a
GRIK1,In1a
SHISA9,In1a
TIMP2,In1a
ARL4C,In1a
ZNF385D,In1a
NPAS1,In1a
ADRA1A,In1a
MYO16,In1a
CNTNAP2,In1a
PLS3,In1a
IGF1,In1a
GABRA1,In1a
GAD1,In1a
SGOL1-AS1,In1a
KIAA1211,In1a
SYNPR,In1a
PID1,In1a
SCG2,In1a
KCNIP1,In1a
AC074363.1,In1a
SEMA6D,In1a
COL16A1,In1a
RAB3C,In1a
NRXN3,In1a
DNER,In1a
ENTPD3,In1a
KCNT2,In1a
GABRG3,In1a
KCNQ5,In1a
CHRM3,In1a
SPOCK3,In1a
WWP1,In1a
CHL1,In1a
MCC,In1a
MIR325HG,In1a
L3MBTL4,In1a
LINC00693,In1a
SLC6A1,In1a
INPP4B,In1a
SEZ6L,In1a
CACNA1B,In1a
ATP1B1,In1a
CDH4,In1a
DOCK10,In1a
GAD2,In1a
FSTL5,In1a
MTSS1,In1a
KCNAB1,In1a
ENOX1,In1a
SGCD,In1a
PLD5,In1a
ALK,In1a
DAB1,In1a
NRXN1,In1a
PLPPR1,In1a
NRIP3,In1a
SHISA6,In1a
SLC35F4,In1a
GABRG2,In1a
KAZN,In1a
HMBOX1,In1a
ELAVL2,In1a
VWC2,In1a
MAML3,In1a
ARNT2,In1a
FOXG1,In1a
APLP2,In1a
HS3ST5,In1a
LINGO2,In1a
KIF1A,In1a
NFIB,In1a
KCNQ3,In1a
GNAS,In1a
FGF14,In1a
ZNF536,In1a
ASIC2,In1a
CACNA1D,In1a
ANO4,In1a
DGKB,In1a
NR3C2,In1a
PTPRM,In1a
SYT1,In1a
LARGE,In1a
U91319.1,In1a
KIF3A,In1a
SARAF,In1a
CAMK2D,In1a
SGK1,In1a
TTC28,In1a
SPOCK2,In1a
NMNAT2,In1a
CDH8,In1a
CNTNAP4,In1a
CPLX2,In1a
BICD1,In1a
KCNQ1OT1,In1a
NHS,In1a
PRKD1,In1a
DPP6,In1a
REV3L,In1a
PHYHIPL,In1a
GRIA1,In1a
REEP1,In1a
PLCB4,In1a
ANKRD30BL,In1a
DKK3,In1a
SLC2A13,In1a
C8orf34,In1a
LINC00461,In1a
ABAT,In1a
ZEB2,In1a
SV2A,In1a
PRNP,In1a
DOCK9,In1a
MYT1L,In1a
CLVS2,In1a
KCND3,In1a
KCNC2,In1a
KCNJ3,In1a
PDE8B,In1a
GRIN2B,In1a
GPR137C,In1a
APP,In1a
EPHA6,In1a
RTN3,In1a
PNMA2,In1a
KIDINS220,In1a
DSCAM,In1a
MGAT4C,In1a
NDRG4,In1a
NXPH1,In1a
CSMD3,In1a
MGAT5,In1a
CHST11,In1a
CDH13,In1a
PRKCA,In1a
PARM1,In1a
UCHL1,In1a
ARHGAP5,In1a
FRMD4A,In1a
TCF4,In1a
SUSD4,In1a
PRR16,In1a
MBOAT2,In1a
HSD17B12,In1a
ATP6V1A,In1a
ZBTB16,In1a
CANX,In1a
LINC00657,In1a
ANKRD26,In1a
NPTXR,In1a
MAN1A1,In1a
PCSK2,In1a
TUBB2A,In1a
TUBA1A,In1a
PHTF1,In1a
SERINC1,In1a
KIF21A,In1a
NAP1L3,In1a
SNRPN,In1a
RP5-921G16.1,In1a
ATCAY,In1a
ATP1A3,In1a
NETO1,In1a
IDS,In1a
PHF20L1,In1a
BACH2,In1a
DAAM1,In1a
PCLO,In1a
PAIP2,In1a
SH3RF3,In1a
HMP19,In1a
AIG1,In1a
HSP90AA1,In1a
CNTN3,In1a
AES,In1a
HSP90B1,In1a
PLPPR4,In1a
RIMBP2,In1a
ITPR1,In1a
CELF4,In1a
GPR155,In1a
CDH9,In1a
ACTG1,In1a
OSBPL8,In1a
SYT11,In1a
COX4I1,In1a
CELF5,In1a
FRRS1L,In1a
RNF157,In1a
KLC1,In1a
LARP1,In1a
ALDOA,In1a
ALCAM,In1a
GABRB2,In1a
NETO2,In1a
GNB1,In1a
FRAS1,In1a
CLTC,In1a
C16orf45,In1a
HDAC9,In1a
PDXK,In1a
USP11,In1a
KCNB2,In1a
PREPL,In1a
MAP7D2,In1a
PTPRS,In1a
MARK1,In1a
SORCS1,In1a
GABBR1,In1a
SCAMP5,In1a
ZYG11B,In1a
TSPAN7,In1a
GAPDH,In1a
SEZ6L2,In1a
G3BP2,In1a
PLD3,In1a
NDFIP1,In1a
SLC22A17,In1a
SYN2,In1a
ATP6V0A1,In1a
MORF4L2,In1a
USP22,In1a
EPB41L1,In1a
RAB6B,In1a
DOPEY1,In1a
SLC25A12,In1a
FAM189A1,In1a
TFDP2,In1a
ADRBK2,In1a
TERF2IP,In1a
ZNF483,In1a
CXCL14,In1b
ADARB2,In1b
CNTN5,In1b
SGOL1-AS1,In1b
CNR1,In1b
RGS12,In1b
PRELID2,In1b
C8orf34,In1b
GALNTL6,In1b
GRIK2,In1b
THSD7B,In1b
ERBB4,In1b
CNTNAP2,In1b
NR2F2-AS1,In1b
NR2F2,In1b
FSTL5,In1b
GRIK1,In1b
SCG2,In1b
PLD5,In1b
ADRA1A,In1b
INPP4B,In1b
SYNPR,In1b
THSD7A,In1b
SDK1,In1b
CHRNA7,In1b
NCAM2,In1b
CDH9,In1b
DAB1,In1b
DLX6-AS1,In1b
CTC-806A22.1,In1b
CCK,In1b
EGFR,In1b
CNTNAP4,In1b
RP11-58C22.1,In1b
NPAS3,In1b
L3MBTL4,In1b
COL21A1,In1b
GAD2,In1b
DOCK10,In1b
SHISA9,In1b
MIR4300HG,In1b
GAD1,In1b
SORCS1,In1b
ADAMTS9-AS2,In1b
CHST11,In1b
DNER,In1b
ZNF385D,In1b
RERG,In1b
CHSY3,In1b
BTBD11,In1b
NHS,In1b
PTPRM,In1b
ASIC2,In1b
SPOCK3,In1b
IL1RAPL2,In1b
NTN4,In1b
MIR325HG,In1b
LINC01197,In1b
LINGO2,In1b
PCSK2,In1b
PLPPR1,In1b
SLC44A5,In1b
CNTN4,In1b
TCF4,In1b
RAB3C,In1b
TIMP2,In1b
ZNF536,In1b
ARNT2,In1b
RP11-123O10.4,In1b
PEX5L,In1b
PRR16,In1b
DSCAM,In1b
ADCY2,In1b
EPHA6,In1b
SLC24A3,In1b
MTUS2,In1b
RP11-436D23.1,In1b
SNTG1,In1b
KAZN,In1b
COL16A1,In1b
KCNIP1,In1b
ARL4C,In1b
NBEA,In1b
SNHG14,In1b
DPP10,In1b
TTC28,In1b
BICD1,In1b
CHRM3,In1b
ATP1B1,In1b
SNRPN,In1b
GABRB1,In1b
ELAVL2,In1b
ROBO1,In1b
HS3ST5,In1b
LSAMP,In1b
GRIP1,In1b
FRMD4A,In1b
HDAC9,In1b
ANO4,In1b
SGK1,In1b
LRRN3,In1b
KCNC2,In1b
PTPRO,In1b
ZMAT4,In1b
DCC,In1b
GNAL,In1b
MYT1L,In1b
RBMS3,In1b
KCNT2,In1b
NYAP2,In1b
SLC6A1,In1b
HMP19,In1b
RIMBP2,In1b
DGKB,In1b
PCDH10,In1b
PGM2L1,In1b
GRIN2B,In1b
DOK6,In1b
EXT1,In1b
MIR99AHG,In1b
CDR2,In1b
RPH3A,In1b
LUZP2,In1b
PDE1C,In1b
ZEB2,In1b
TMEM108,In1b
PLEKHA5,In1b
PRICKLE2,In1b
SCN3A,In1b
CHL1,In1b
NRG3,In1b
KCNB2,In1b
SEMA6D,In1b
CACNA1B,In1b
PDE7B,In1b
PID1,In1b
TENM4,In1b
ZBTB16,In1b
NAP1L3,In1b
GNAS,In1b
CACNA1D,In1b
HS6ST3,In1b
FRMPD4,In1b
MARCH1,In1b
SHANK2,In1b
THRB,In1b
TMTC2,In1b
KCNQ3,In1b
REEP1,In1b
ANKRD26,In1b
SHISA6,In1b
RP5-921G16.1,In1b
CACNA2D3,In1b
KIDINS220,In1b
NETO2,In1b
REV3L,In1b
PTPRS,In1b
RP11-384F7.2,In1b
CDH12,In1b
LARGE,In1b
MAML3,In1b
PRKCA,In1b
PDE8B,In1b
CDH8,In1b
VWC2,In1b
GABBR2,In1b
DKK3,In1b
SORCS3,In1b
SCLT1,In1b
CEP112,In1b
PKNOX2,In1b
OXR1,In1b
GPHN,In1b
SUSD4,In1b
MYRIP,In1b
MAGI3,In1b
TUBB2A,In1b
NPAS2,In1b
NMNAT2,In1b
CACNA1E,In1b
NPTXR,In1b
PLPPR4,In1b
TSPYL2,In1b
NALCN,In1b
SLC35F1,In1b
EPHA5,In1b
SV2A,In1b
RIMS2,In1b
CSMD3,In1b
SRRM4,In1b
PAK3,In1b
PTPRE,In1b
GRIA1,In1b
TENM3,In1b
FAM189A1,In1b
CORO6,In1b
GPR137C,In1b
GABRA1,In1b
SLCO3A1,In1b
XKR4,In1b
NAP1L1,In1b
KCNQ5,In1b
RANBP17,In1b
RPL37A,In1b
GABRG3,In1b
PDS5B,In1b
TSPAN7,In1b
SEZ6L2,In1b
NLGN4Y,In1b
USP11,In1b
PNMA2,In1b
ABLIM2,In1b
AP001347.6,In1b
WNK2,In1b
RPS6KA3,In1b
ARL15,In1b
CELF4,In1b
PHYHIPL,In1b
ZNF483,In1b
KCND3,In1b
RPL34,In1b
NCOA2,In1b
NDFIP1,In1b
PRKCE,In1b
GABRB2,In1b
KLC1,In1b
SYN3,In1b
SERINC1,In1b
MACROD2,In1b
PLD3,In1b
TMEM130,In1b
SCAMP5,In1b
KIF1A,In1b
DAAM1,In1b
PAM,In1b
SARAF,In1b
SGCZ,In1b
CACNG8,In1b
GRIN1,In1b
ACTG1,In1b
TAC3,In1c
VIP,In1c
ADARB2,In1c
SYNPR,In1c
DLX6-AS1,In1c
GALNTL6,In1c
ROBO2,In1c
CXCL14,In1c
CALB2,In1c
RGS12,In1c
SCG2,In1c
ERBB4,In1c
CRH,In1c
CNR1,In1c
C8orf34,In1c
EGFEM1P,In1c
DLX1,In1c
SLC24A3,In1c
ARL4C,In1c
CCK,In1c
KCNT2,In1c
THSD7A,In1c
GAD1,In1c
SNTG1,In1c
CNTNAP2,In1c
IGF1,In1c
LRP1B,In1c
PWRN1,In1c
VWC2L,In1c
PLD5,In1c
MIR325HG,In1c
PCP4,In1c
GRM7,In1c
ROBO1,In1c
GNAS,In1c
LINC01322,In1c
SOBP,In1c
SNHG14,In1c
DSCAM,In1c
GRIA1,In1c
GABRG3,In1c
PTPRE,In1c
MEG3,In1c
TCF4,In1c
NPAS3,In1c
WBSCR17,In1c
SDK1,In1c
SORCS1,In1c
ZNF536,In1c
TIMP2,In1c
TENM3,In1c
CIT,In1c
NRXN3,In1c
L3MBTL4,In1c
NKAIN3,In1c
ANO4,In1c
CNTN4,In1c
TMEM132D,In1c
BTBD11,In1c
NR3C2,In1c
SEMA6D,In1c
KIAA1211,In1c
CNTNAP4,In1c
SLC6A1,In1c
RGS6,In1c
ZEB2,In1c
CHRM3,In1c
CACNA1D,In1c
MYRIP,In1c
CSMD1,In1c
PITPNC1,In1c
LARGE,In1c
TSPAN7,In1c
NETO2,In1c
HMP19,In1c
KCNIP1,In1c
SHISA6,In1c
ZNF292,In1c
RP11-384F7.2,In1c
ASIC2,In1c
DNER,In1c
SOX2-OT,In1c
RP11-436D23.1,In1c
GNAL,In1c
CNTN5,In1c
CCNI,In1c
CLVS1,In1c
NAP1L3,In1c
RBFOX2,In1c
LRRC7,In1c
LRRC4C,In1c
RNF180,In1c
REV3L,In1c
FRAS1,In1c
VWC2,In1c
RP11-123O10.4,In1c
NPTXR,In1c
CACNA2D3,In1c
DAB1,In1c
KAZN,In1c
FRMD4A,In1c
PLXNA4,In1c
PCSK2,In1c
HSP90AB1,In1c
NELL1,In1c
ARNT2,In1c
SEZ6L,In1c
NCAM1,In1c
ZNF804A,In1c
TNIK,In1c
MAP1B,In1c
SERINC1,In1c
OLFM3,In1c
TTC28,In1c
GRIN2B,In1c
GABRA1,In1c
TMEM132B,In1c
SCAMP5,In1c
LINC00461,In1c
ATP1B1,In1c
ZNF804B,In1c
MYT1L,In1c
DCLK1,In1c
PPM1E,In1c
SLC25A12,In1c
SRRM4,In1c
KCNB2,In1c
PAK3,In1c
CDH10,In1c
ANKRD12,In1c
SLC22A17,In1c
MAN1A2,In1c
SNRPN,In1c
ALCAM,In1c
INPP5F,In1c
TSPYL2,In1c
KCNH7,In1c
OSBPL1A,In1c
ANKRD26,In1c
SYT14,In1c
TMSB4X,In1c
NDFIP1,In1c
CNTNAP5,In1c
KCNQ1OT1,In1c
ZBTB16,In1c
PNMA2,In1c
CACNA1E,In1c
CTTNBP2,In1c
ATCAY,In1c
SLC44A5,In1c
HDAC9,In1c
KIF1A,In1c
CSMD3,In1c
NFIB,In1c
SORCS3,In1c
CACNA1B,In1c
IDS,In1c
ACTG1,In1c
TERF2IP,In1c
ADRBK2,In1c
USP11,In1c
CCDC91,In1c
NCALD,In1c
ZNF483,In1c
SETBP1,In1c
SARAF,In1c
CHSY3,In1c
MIAT,In1c
SCN3A,In1c
FRRS1L,In1c
CPLX2,In1c
SHISA9,In1c
DKK3,In1c
GRIN1,In1c
GRIP1,In1c
THRB,In1c
CLSTN2,In1c
TFDP2,In1c
ITM2B,In1c
SV2A,In1c
MARCH6,In1c
PARK2,In1c
TMEM130,In1c
NEDD4L,In1c
HSP90B1,In1c
LINC00657,In1c
RTN3,In1c
C16orf45,In1c
PCDH11X,In1c
ALDOA,In1c
TMEM59L,In1c
CDH13,In1c
MAGI3,In1c
TTTY14,In1c
GALNTL6,In2
ADARB2,In2
CXCL14,In2
NR2F2-AS1,In2
RGS12,In2
KCNT2,In2
DLX6-AS1,In2
NR2F2,In2
CNTNAP4,In2
CNR1,In2
ALCAM,In2
ROBO2,In2
COL21A1,In2
MIR325HG,In2
SYNPR,In2
CDH9,In2
NPAS3,In2
ZMAT4,In2
KIT,In2
ROBO1,In2
ADRA1A,In2
CALB2,In2
LRRC39,In2
NRXN3,In2
LINC01197,In2
RP11-58C22.1,In2
IGF1,In2
ERBB4,In2
ENTPD3,In2
PLD5,In2
PCDH10,In2
CSMD3,In2
CHRNA7,In2
KCNIP1,In2
RP11-69I8.3,In2
INPP4B,In2
CRH,In2
SHISA6,In2
NEAT1,In2
RP11-436D23.1,In2
DPP6,In2
LRP1B,In2
ARL4C,In2
AFAP1,In2
CSMD1,In2
CNTNAP2,In2
GAD1,In2
GAD2,In2
TTN,In2
CADM2,In2
OXR1,In2
ZEB2,In2
DNER,In2
NLGN1,In2
ZNF385D,In2
EGFR,In2
C8orf34,In2
CACNA1D,In2
CNTN5,In2
SGOL1-AS1,In2
HS6ST3,In2
SGK1,In2
TNIK,In2
NHS,In2
VWC2,In2
GABRA1,In2
OLFM3,In2
KCNQ5,In2
GRIN3A,In2
SPOCK3,In2
RAB3C,In2
MCC,In2
ANO4,In2
PALLD,In2
HDAC9,In2
WWP1,In2
SNHG14,In2
CCSER1,In2
MGAT4C,In2
ADAMTS9-AS2,In2
DCC,In2
BTBD11,In2
PRKD1,In2
CLSTN2,In2
B4GALT6,In2
TIMP2,In2
SLC44A5,In2
VWC2L,In2
EDIL3,In2
SHISA9,In2
KCNJ3,In2
ZNF608,In2
KCND3,In2
FRAS1,In2
CAMK2D,In2
GABRG3,In2
CDH8,In2
ATP1B1,In2
PLCXD3,In2
SEZ6L,In2
ALK,In2
THSD7A,In2
AFF2,In2
PARM1,In2
SNRPN,In2
PLCB4,In2
TENM2,In2
PARK2,In2
PTPRE,In2
MPP6,In2
KIAA1211,In2
PDE7B,In2
NFIB,In2
DAB1,In2
NR3C2,In2
BCL2,In2
GNAS,In2
ARNT2,In2
RBFOX2,In2
RNF150,In2
RNPC3,In2
LARP1,In2
L3MBTL4,In2
PLPPR1,In2
CCK,In2
MLLT3,In2
RP11-123O10.4,In2
SDK1,In2
CNTN4,In2
TTC28,In2
CNTNAP5,In2
RAB2A,In2
GABRB2,In2
FRMPD4,In2
SLC6A1,In2
GRIP1,In2
ADAMTS17,In2
OIP5-AS1,In2
PLXNA4,In2
KCNQ1OT1,In2
SPOCK1,In2
MAN1A2,In2
GPHN,In2
GRIA1,In2
SAMD4A,In2
LARGE,In2
TRAF3IP2-AS1,In2
ADCY8,In2
ASIC2,In2
UPP1,In2
GALNT18,In2
PPM1E,In2
GRIN2A,In2
CIT,In2
NALCN,In2
MYT1L,In2
GPR155,In2
ZBTB16,In2
KIAA1456,In2
GALNT13,In2
DOK6,In2
RP5-921G16.1,In2
REEP1,In2
KIF3A,In2
OXCT1,In2
PDE8B,In2
TCF4,In2
GRIK2,In2
LINC00461,In2
PPM1K,In2
TENM3,In2
MEF2C,In2
CNTN3,In2
SUSD4,In2
SPECC1,In2
NCALD,In2
ANKRD26,In2
CHRM3,In2
CANX,In2
AKAP6,In2
OSBPL3,In2
FGF12,In2
SPAG16,In2
REV3L,In2
KLHL5,In2
MARK1,In2
NEDD4L,In2
ABAT,In2
TMEM178B,In2
DKK3,In2
RIMBP2,In2
SAMD12,In2
SYT14,In2
NMNAT2,In2
EEA1,In2
AC034220.3,In2
PKN2,In2
SCG2,In2
PAM,In2
EXT1,In2
PRKAR2A,In2
RNF24,In2
HSP90AB1,In2
TNRC6A,In2
SSBP2,In2
PRKCE,In2
VWA8,In2
MYCBP2,In2
MACROD2,In2
SV2A,In2
LINC01322,In2
DENND5B,In2
SLC22A17,In2
KCNJ6,In2
METTL15,In2
AUH,In2
ADCY2,In2
AHI1,In2
RASA1,In2
OSBPL8,In2
KIF1A,In2
RELN,In2
MAGI1,In2
THY1,In2
KCTD16,In2
SRRM4,In2
CORO6,In2
RUNDC3B,In2
CDK8,In2
AIG1,In2
KIDINS220,In2
GPR137C,In2
CCNI,In2
PKNOX2,In2
PRR16,In2
STXBP5-AS1,In2
ELAVL2,In2
CYFIP2,In2
FAM19A5,In2
HOOK3,In2
GOT1,In2
SLC2A13,In2
NAP1L3,In2
MPHOSPH8,In2
FHOD3,In2
THSD7A,In3
GALNTL6,In3
ADARB2,In3
ERBB4,In3
CNTNAP2,In3
CXCL14,In3
DLX6-AS1,In3
RGS12,In3
SYNPR,In3
ROBO2,In3
CSMD1,In3
SLC24A3,In3
ROBO1,In3
SHISA8,In3
PLD5,In3
HTR1E,In3
SDK1,In3
PLCE1,In3
MIR325HG,In3
L3MBTL4,In3
KCNT2,In3
CDH13,In3
NR2F2-AS1,In3
GRM7,In3
SNHG14,In3
RERG,In3
PROX1,In3
MIR4300HG,In3
MEG3,In3
ZMAT4,In3
FRMD4A,In3
SEZ6,In3
LRRC4C,In3
COL21A1,In3
ZNF804A,In3
EGFR,In3
ENTPD3,In3
SLC6A1,In3
C8orf34,In3
CNTN4,In3
RYR3,In3
PLXNA4,In3
ADRA1A,In3
ARL4C,In3
DSCAM,In3
MTUS2,In3
GAD1,In3
BTBD11,In3
TSHZ2,In3
MYRIP,In3
NLGN1,In3
LINGO2,In3
TCF4,In3
RP11-384F7.2,In3
SLC44A5,In3
DAB1,In3
KCNQ1OT1,In3
ANO4,In3
LSAMP,In3
NKAIN3,In3
NRG3,In3
CHRM3,In3
LINC01322,In3
NRXN3,In3
GRIK2,In3
CIT,In3
SEZ6L,In3
OLFM3,In3
ANK1,In3
SCG2,In3
CLVS1,In3
SNTG1,In3
CALN1,In3
KCNH7,In3
DCC,In3
RARB,In3
CNTN3,In3
B4GALT6,In3
CACNA1D,In3
TTC28,In3
CADM2,In3
SOBP,In3
REV3L,In3
KAZN,In3
PTPRO,In3
AK5,In3
GALNT13,In3
OPCML,In3
STARD13,In3
SOX2-OT,In3
RP11-436D23.1,In3
KLF12,In3
SNRPN,In3
DNER,In3
PTPRE,In3
PCDH7,In3
ANKRD30BL,In3
WBSCR17,In3
SRRM4,In3
ATP1B1,In3
TENM3,In3
MYT1L,In3
GNAL,In3
SUSD4,In3
FHOD3,In3
SLC25A12,In3
GABRG3,In3
GNAS,In3
KCNAB1,In3
RP11-123O10.4,In3
NCALD,In3
MAN1A2,In3
CSMD3,In3
RBFOX2,In3
OSBPL3,In3
CACNA1C,In3
TMEM132B,In3
FRMPD4,In3
KCNC2,In3
LIMCH1,In3
PPM1E,In3
HMP19,In3
AC007563.5,In3
CCSER1,In3
SORCS3,In3
RP5-921G16.1,In3
GPHN,In3
GRIP1,In3
ADCY2,In3
NCAM1,In3
MAPK4,In3
NTRK3,In3
PRICKLE2,In3
SYT14,In3
SMARCA2,In3
EXT1,In3
HDAC9,In3
BICD1,In3
KCNIP4,In3
PDE7B,In3
ANKH,In3
ATP1A3,In3
GABRB2,In3
GRIN2B,In3
ZBTB16,In3
MAP2,In3
NEDD4L,In3
PLEKHA5,In3
THRB,In3
AHI1,In3
CORO6,In3
ZEB1,In3
TSPYL2,In3
TSPAN7,In3
CAMTA1,In3
GABRA1,In3
TMEM108,In3
RPS6KA2,In3
NR3C2,In3
DCLK1,In3
SCAMP5,In3
SLC2A13,In3
PAM,In3
TRAF3IP2-AS1,In3
INPP5F,In3
PAK3,In3
ATCAY,In3
RANBP17,In3
TFDP2,In3
ANKRD26,In3
REEP5,In3
NMNAT2,In3
ANKRD12,In3
CYFIP2,In3
ARHGAP44,In3
OSBPL1A,In3
FNDC3A,In3
GABBR2,In3
USP11,In3
RGS6,In3
IDS,In3
CDH10,In3
SV2A,In3
OIP5-AS1,In3
LARGE,In3
PCDH11X,In3
ADRBK2,In3
SPTBN4,In3
PTPN4,In3
DDX24,In3
KIF1A,In3
CERS6,In3
KIRREL3,In3
SERINC1,In3
GRIN1,In3
RELN,In4a
CXCL14,In4a
ADARB2,In4a
GAD2,In4a
INPP4B,In4a
SGOL1-AS1,In4a
DLX6-AS1,In4a
ERBB4,In4a
CNTNAP2,In4a
FRAS1,In4a
SV2C,In4a
SLC6A1,In4a
HS3ST5,In4a
DNER,In4a
CNTN5,In4a
GALNTL6,In4a
FREM1,In4a
ROBO2,In4a
EGFR,In4a
RP11-123O10.4,In4a
GRIK2,In4a
COL5A2,In4a
SGCZ,In4a
MGAT4C,In4a
PTPRM,In4a
C8orf34,In4a
DOCK10,In4a
GRIK1,In4a
KCNC2,In4a
ADRA1A,In4a
PTPRT,In4a
FGF13,In4a
FSTL5,In4a
MYO16,In4a
FAT1,In4a
DAB1,In4a
NCAM2,In4a
GRIP1,In4a
TOX3,In4a
SCG2,In4a
KAZN,In4a
ALK,In4a
PCDH15,In4a
FGF14,In4a
SPOCK3,In4a
PLD5,In4a
GAD1,In4a
ANKRD55,In4a
XKR4,In4a
GRIN3A,In4a
CNTNAP4,In4a
NYAP2,In4a
NXPH1,In4a
UNC5D,In4a
KCNIP1,In4a
RAB3C,In4a
ZMAT4,In4a
RGS12,In4a
RIMBP2,In4a
ROBO1,In4a
LAMP5,In4a
GRIN2A,In4a
CACNA2D1,In4a
CHSY3,In4a
BCL11B,In4a
MCTP1,In4a
PRR16,In4a
KCNAB1,In4a
CSMD3,In4a
CACNA1B,In4a
PTCHD4,In4a
PRELID2,In4a
RBMS3,In4a
ARL4C,In4a
PIP5K1B,In4a
ZNF536,In4a
ADRBK2,In4a
GRM8,In4a
GRM5,In4a
SHISA9,In4a
SGK1,In4a
EPHA6,In4a
EXT1,In4a
LINGO2,In4a
PRKCB,In4a
MAML3,In4a
NEBL,In4a
GRIA2,In4a
PCDH17,In4a
CNR1,In4a
GABRB1,In4a
HDAC9,In4a
CDC5L,In4a
RPH3A,In4a
MTSS1,In4a
CHRM3,In4a
ZBTB16,In4a
NPTXR,In4a
GABBR2,In4a
PTPRO,In4a
ABI1,In4a
CACNA1E,In4a
MPPED1,In4a
ALCAM,In4a
BTBD11,In4a
NIPAL3,In4a
DGKB,In4a
FGF12,In4a
ANKRD26,In4a
SLC35F1,In4a
KIAA1211,In4a
TMEM132D,In4a
MPP6,In4a
SOX2-OT,In4a
GRIA4,In4a
MACROD2,In4a
MAGI3,In4a
CHL1,In4a
RP11-384F7.2,In4a
PRNP,In4a
ERC2,In4a
CDH9,In4a
KCNT2,In4a
NETO1,In4a
GABRB2,In4a
AC074363.1,In4a
SORCS3,In4a
FLRT2,In4a
CELF4,In4a
SERINC1,In4a
PKNOX2,In4a
ARNT2,In4a
NAP1L3,In4a
AP001347.6,In4a
MTUS2,In4a
DOCK3,In4a
ITM2B,In4a
PID1,In4a
TMEM132B,In4a
KIDINS220,In4a
SDK1,In4a
KCTD16,In4a
GABRA1,In4a
SYN3,In4a
PNMA2,In4a
MYRIP,In4a
ANO4,In4a
KIF1A,In4a
PTPRS,In4a
FRY,In4a
PLPPR4,In4a
LUZP2,In4a
APP,In4a
REEP5,In4a
HSP90AB1,In4a
PHYHIPL,In4a
CNTN4,In4a
CANX,In4a
USP11,In4a
RP11-382A20.3,In4a
SHC3,In4a
SNRPN,In4a
VWC2,In4a
ZCCHC11,In4a
PDE8B,In4a
CAMKV,In4a
THRB,In4a
RAPGEF4,In4a
PHF14,In4a
HMP19,In4a
SARAF,In4a
LINC00461,In4a
KCNQ1OT1,In4a
ZNF483,In4a
APLP2,In4a
FRRS1L,In4a
GAS7,In4a
SEZ6L,In4a
KIAA1109,In4a
RTN3,In4a
CACNB2,In4a
TMEM178B,In4a
PCSK2,In4a
CACNG8,In4a
NDUFA4,In4a
SCG5,In4a
MICU1,In4a
GNAS,In4a
GRIA1,In4a
RNF150,In4a
KCNB2,In4a
COG5,In4a
DAAM1,In4a
TTC28,In4a
ATP6V0A1,In4a
GPR137C,In4a
SV2A,In4a
SCAMP5,In4a
PAK3,In4a
HIVEP3,In4a
TUBB2A,In4a
ELAVL4,In4a
SEMA6D,In4a
ABR,In4a
DKK3,In4a
CSRNP3,In4a
BICD1,In4a
ATP6V1A,In4a
TMEM232,In4a
SCAI,In4a
LINC01122,In4a
APBA1,In4a
BRINP2,In4a
LINC00657,In4a
ACTG1,In4a
FGF13,In4b
KIT,In4b
PRELID2,In4b
ADARB2,In4b
GAD2,In4b
PTCHD4,In4b
SLC6A1,In4b
SGCZ,In4b
RP11-123O10.4,In4b
CTC-806A22.1,In4b
GRIK1,In4b
PTPRT,In4b
DNER,In4b
EYA4,In4b
SV2C,In4b
MYO16,In4b
MGAT4C,In4b
DLX6-AS1,In4b
ALK,In4b
GRIN3A,In4b
LAMP5,In4b
CDH13,In4b
FBXL7,In4b
NXPH1,In4b
PKP2,In4b
TACR1,In4b
GRIN2A,In4b
BCL11B,In4b
NRIP3,In4b
GRIP1,In4b
SPHKAP,In4b
KCNIP1,In4b
RAB3C,In4b
NXPH2,In4b
KCNAB1,In4b
TMEM132D,In4b
TRPC3,In4b
TOX2,In4b
NTNG1,In4b
RBMS3,In4b
KIAA1211,In4b
KCNC2,In4b
PTPRM,In4b
GAD1,In4b
LUZP2,In4b
DGKD,In4b
LINC01314,In4b
MTUS2,In4b
SOX2-OT,In4b
KAZN,In4b
SYT1,In4b
AP1S2,In4b
ERBB4,In4b
FGF14,In4b
CXCL14,In4b
GNG4,In4b
MACROD2,In4b
ZNF536,In4b
ARL4C,In4b
NYAP2,In4b
ATP8A2,In4b
PDGFD,In4b
UBASH3B,In4b
FREM1,In4b
FSTL5,In4b
UNC13C,In4b
NFIB,In4b
HPCAL1,In4b
IL1RAPL1,In4b
ANKRD55,In4b
GOLIM4,In4b
ADAMTS9-AS2,In4b
EGFR,In4b
DOCK10,In4b
HTR1E,In4b
CNTN5,In4b
C8orf34,In4b
NKAIN3,In4b
PIP5K1B,In4b
ADAMTSL3,In4b
LSAMP,In4b
SGK1,In4b
MTSS1,In4b
MCTP1,In4b
RPH3A,In4b
SYN2,In4b
GRM5,In4b
UNC5D,In4b
GRIA4,In4b
SEMA6D,In4b
ITM2C,In4b
PID1,In4b
EGFEM1P,In4b
CDK14,In4b
TMEM132B,In4b
ADRBK2,In4b
WWP1,In4b
IGSF11,In4b
TOX,In4b
GRIK2,In4b
ZEB2,In4b
EXT1,In4b
PDE8B,In4b
CDHR3,In4b
CCK,In4b
FAM110B,In4b
VWC2,In4b
DAB1,In4b
GRIA1,In4b
LRRC7,In4b
RIMBP2,In4b
SNHG14,In4b
GABRD,In4b
UNC5C,In4b
AP001347.6,In4b
SLC35F1,In4b
EEPD1,In4b
CNTNAP4,In4b
XKR4,In4b
SPOCK2,In4b
CACNA2D1,In4b
KIRREL3,In4b
GABBR2,In4b
EPHA3,In4b
KCTD16,In4b
CHST11,In4b
KIAA1107,In4b
BRINP2,In4b
SCN1A,In4b
CCSER1,In4b
NRG1,In4b
DPP6,In4b
SPOCK1,In4b
ABI1,In4b
CELF4,In4b
PRKCE,In4b
RGS7,In4b
CSMD3,In4b
SARAF,In4b
PLCXD3,In4b
KCNH5,In4b
SH3RF3,In4b
DOCK9,In4b
LCORL,In4b
ATP1B1,In4b
SAT1,In4b
MPPED1,In4b
APLP2,In4b
GABRB2,In4b
DGKB,In4b
WASF3,In4b
GPR155,In4b
TMSB4X,In4b
KIAA1109,In4b
PLCB1,In4b
PRNP,In4b
RNF150,In4b
SH3GL3,In4b
NDUFA4,In4b
KCNQ3,In4b
NAP1L3,In4b
PTPRB,In4b
HECW2,In4b
SV2A,In4b
DLGAP1,In4b
APP,In4b
GALNT18,In4b
NETO1,In4b
ZMAT4,In4b
PHYHIPL,In4b
ASTN2,In4b
GABRB1,In4b
ARNT2,In4b
FRY,In4b
PAK3,In4b
RP11-384F7.2,In4b
ADGRL2,In4b
CANX,In4b
CAMKV,In4b
AMMECR1,In4b
GPR158,In4b
SERINC1,In4b
SNRPN,In4b
DSCAML1,In4b
GABRG3,In4b
ABAT,In4b
MAP3K5,In4b
RGS7BP,In4b
MIR181A1HG,In4b
ARID5B,In4b
SLIT2,In4b
HSP90AA1,In4b
SCG2,In4b
GRIN2B,In4b
ANKRD26,In4b
MPDZ,In4b
NGFRAP1,In4b
SAMD12,In4b
SLC22A17,In4b
NPTXR,In4b
KIF21A,In4b
PNMA2,In4b
USP22,In4b
RASGRF2,In4b
WSB1,In4b
EFR3B,In4b
ANKRD30BL,In4b
ANKH,In4b
AC074363.1,In4b
GNAS,In4b
TENM4,In4b
SH3KBP1,In4b
BICD1,In4b
TERF2IP,In4b
USP11,In4b
FAIM2,In4b
SHISA9,In4b
ITM2B,In4b
IDS,In4b
REV3L,In4b
DOCK3,In4b
CYFIP2,In4b
KLC1,In4b
TLK1,In4b
LRRFIP2,In4b
NMNAT2,In4b
GRIA2,In4b
YWHAB,In4b
SLC2A13,In4b
OSBPL6,In4b
TSPYL2,In4b
HSP90AB1,In4b
DOK6,In4b
BEX2,In4b
NAV2,In4b
PTPRO,In4b
SDK1,In4b
CHSY3,In4b
PRKAR2B,In4b
CACNA1B,In4b
NAPB,In4b
LINC00599,In4b
PEBP1,In4b
CACNG8,In4b
MAST4,In4b
RANBP17,In4b
LRRTM3,In4b
KIF3A,In4b
ADAM22,In4b
ATP6V1A,In4b
CAP2,In4b
REPS1,In4b
LINC00657,In4b
DKK3,In4b
KIF1A,In4b
GRIN1,In4b
SMYD3,In4b
AMPH,In4b
DAAM1,In4b
BEX1,In4b
ASTN1,In4b
SCAMP5,In4b
PKNOX2,In4b
PREPL,In4b
SEZ6L2,In4b
LRRC8B,In4b
RAPGEF4,In4b
FAM49A,In4b
SUSD4,In4b
HMP19,In4b
RTF1,In4b
TUBB2A,In4b
TCEAL2,In4b
CACNG3,In4b
PRICKLE2,In4b
ADK,In4b
PDZRN3,In4b
EPHA5,In4b
ATP6V0A1,In4b
SLC25A12,In4b
MORF4L2,In4b
NSF,In4b
PGM2L1,In4b
UCHL1,In4b
LONRF2,In4b
KIFAP3,In4b
MAP7D2,In4b
SLC12A5,In4b
EML6,In4b
CNTN5,In6a
DPP10,In6a
ZNF385D,In6a
CA8,In6a
ALK,In6a
SDK1,In6a
ERBB4,In6a
THSD7A,In6a
CRH,In6a
PVALB,In6a
SLC9A9,In6a
CNTNAP2,In6a
TMEM132D,In6a
RP11-420N3.3,In6a
LHFPL3,In6a
KCNAB1,In6a
ZNF804A,In6a
HPSE2,In6a
LRRC4C,In6a
SLC6A1,In6a
TRPS1,In6a
VWC2,In6a
PLCXD3,In6a
SPARCL1,In6a
MYO16,In6a
ANK1,In6a
RP11-123O10.4,In6a
RORA,In6a
FRMPD4,In6a
ZNF536,In6a
TMEM132C,In6a
DNER,In6a
DLX6-AS1,In6a
DLGAP1,In6a
GRIA1,In6a
GABRG3,In6a
FGF13,In6a
FSTL5,In6a
MDGA2,In6a
TMTC1,In6a
GULP1,In6a
TENM4,In6a
ADAMTS17,In6a
KIAA1211,In6a
FAM19A2,In6a
SNHG14,In6a
CALN1,In6a
SGCD,In6a
MEF2C,In6a
KCNC2,In6a
TOX,In6a
TENM1,In6a
ADCY8,In6a
SCG2,In6a
RASGRF2,In6a
SRGAP1,In6a
AC010127.3,In6a
COL11A1,In6a
GRIP1,In6a
RBMS3,In6a
CNTNAP5,In6a
GRIA4,In6a
RYR1,In6a
RASSF8,In6a
FGF12,In6a
PTCHD4,In6a
ATP1B1,In6a
SOX6,In6a
PLD5,In6a
TIAM1,In6a
TENM2,In6a
ZNF804B,In6a
MEG3,In6a
SLIT2,In6a
HCN1,In6a
GABRD,In6a
EDIL3,In6a
LINC00693,In6a
ANO4,In6a
CPLX1,In6a
ADGRB3,In6a
SYT1,In6a
DAB1,In6a
NHS,In6a
FMN1,In6a
GALNTL6,In6a
CADPS,In6a
NBEA,In6a
DOK5,In6a
SLC4A10,In6a
SLC24A3,In6a
PARM1,In6a
PPM1E,In6a
NRG3,In6a
AC074363.1,In6a
ASTN2,In6a
HS6ST3,In6a
OSBPL6,In6a
RP11-444D3.1,In6a
KCNQ5,In6a
SNRPN,In6a
NCALD,In6a
CSMD3,In6a
DLGAP2,In6a
PCLO,In6a
SHANK2,In6a
OSBPL3,In6a
MTUS1,In6a
BTBD11,In6a
NYAP2,In6a
UNC5C,In6a
SPOCK3,In6a
KCNC1,In6a
NEAT1,In6a
KLHL5,In6a
IQCJ-SCHIP1,In6a
MAST4,In6a
HMP19,In6a
ATP1A3,In6a
PTPN13,In6a
GRM5,In6a
CDH12,In6a
GNAL,In6a
C8orf34,In6a
ADRBK2,In6a
KCNJ6,In6a
SYT14,In6a
SPOCK1,In6a
TMEM132B,In6a
CNTN4,In6a
PLXNA4,In6a
MGAT4C,In6a
FUT9,In6a
CSMD2,In6a
KCNMB4,In6a
GRIN2B,In6a
CTTNBP2,In6a
GABRA1,In6a
SPOCK2,In6a
SNTG1,In6a
RP5-921G16.1,In6a
SCN1A,In6a
ADCY1,In6a
KIAA1456,In6a
SLC2A13,In6a
SUPT3H,In6a
RNF175,In6a
ATRNL1,In6a
GAD1,In6a
UNC5D,In6a
LRRC8B,In6a
PKNOX2,In6a
ELMOD1,In6a
DGKB,In6a
ZEB2,In6a
SUSD4,In6a
NDRG4,In6a
SIPA1L1,In6a
AUTS2,In6a
SEZ6L,In6a
SV2A,In6a
CDR2,In6a
KIAA1107,In6a
LUZP2,In6a
OIP5-AS1,In6a
KCNH1,In6a
SLC35F1,In6a
RIMBP2,In6a
LANCL1,In6a
CAMTA1,In6a
GOT1,In6a
SLC38A1,In6a
GABRB2,In6a
NSF,In6a
PAM,In6a
SETBP1,In6a
GPR155,In6a
PRICKLE2,In6a
SPAG16,In6a
KIFAP3,In6a
ABLIM2,In6a
PTPRN2,In6a
SCAMP5,In6a
GRID1,In6a
SYP,In6a
BLCAP,In6a
NF1,In6a
CCDC91,In6a
RAB3C,In6a
CACNG2,In6a
EPHA5,In6a
FAM168A,In6a
MEG8,In6a
PNMA2,In6a
PLEKHA1,In6a
USP22,In6a
MAP2,In6a
SPTAN1,In6a
APLP2,In6a
ANKRD26,In6a
GAPDH,In6a
TPST1,In6a
GABBR1,In6a
SLC25A12,In6a
ANKS1A,In6a
AFF3,In6a
EPB41L3,In6a
DENND5B,In6a
USP11,In6a
TENM3,In6a
KHDRBS3,In6a
KIF1A,In6a
GRIA3,In6a
LINC00657,In6a
SCN8A,In6a
ALDOA,In6a
SHISA9,In6a
ATP1A1,In6a
CIT,In6a
ERBB4,In6b
DPP10,In6b
BTBD11,In6b
NXPH1,In6b
GAD1,In6b
KCNC2,In6b
ZNF804A,In6b
TAC1,In6b
SLIT2,In6b
KCNAB1,In6b
TMEM132C,In6b
RP11-123O10.4,In6b
KIAA1217,In6b
PTPRM,In6b
GAD2,In6b
CNTNAP2,In6b
SOX6,In6b
ZNF385D,In6b
FGF12,In6b
DLGAP1,In6b
ADAMTS17,In6b
SDK1,In6b
SPARCL1,In6b
MYO16,In6b
PVALB,In6b
SLC9A9,In6b
VWC2,In6b
GRIP1,In6b
TENM3,In6b
SPOCK3,In6b
SLC6A1,In6b
SNHG14,In6b
ANK1,In6b
SNRPN,In6b
CNTN5,In6b
KLHL5,In6b
KAZN,In6b
AC010127.3,In6b
RBMS3,In6b
RP11-444D3.1,In6b
TENM1,In6b
ZMAT4,In6b
NHS,In6b
CPLX1,In6b
EPHA6,In6b
ELAVL2,In6b
CADPS,In6b
RPS6KA2,In6b
ZNF536,In6b
KLF12,In6b
RASGRF2,In6b
TENM2,In6b
LRRTM4,In6b
PAM,In6b
SERPINI1,In6b
MEF2C,In6b
KIF26B,In6b
ATRNL1,In6b
IL1RAPL1,In6b
ADAMTS9-AS2,In6b
CEMIP,In6b
ALK,In6b
GRIK3,In6b
DGKD,In6b
LRP8,In6b
PPARGC1A,In6b
SLC44A5,In6b
KCNC1,In6b
GABRG3,In6b
XKR4,In6b
PTCHD4,In6b
PLCXD3,In6b
SAT1,In6b
FAM19A2,In6b
ASTN2,In6b
ANO4,In6b
GNAL,In6b
PLXNA4,In6b
HCN1,In6b
OXR1,In6b
NEAT1,In6b
PRKG1,In6b
LRRFIP1,In6b
SGCZ,In6b
LANCL1,In6b
TMEM108,In6b
ATP1B1,In6b
DNER,In6b
ENOX1,In6b
PPIP5K2,In6b
TRPC5,In6b
ADCY8,In6b
SLC4A10,In6b
RP11-766N7.3,In6b
RBFOX1,In6b
TIMP2,In6b
ADRBK2,In6b
HS6ST3,In6b
SHISA9,In6b
ABAT,In6b
GRM5,In6b
ROBO2,In6b
RP5-921G16.1,In6b
LRRC4C,In6b
GABRB2,In6b
OSBPL3,In6b
NRG3,In6b
SYN2,In6b
GRM8,In6b
CORO6,In6b
SUPT3H,In6b
SV2A,In6b
FAR2,In6b
MAGI1,In6b
ARHGAP20,In6b
KHDRBS2,In6b
GOT1,In6b
U91319.1,In6b
RAB3C,In6b
UPP1,In6b
GRIN2B,In6b
EFR3B,In6b
SNTG1,In6b
FMN1,In6b
SH3RF3,In6b
FGF13,In6b
SLC35F1,In6b
ADCY1,In6b
FRAS1,In6b
SRRM4,In6b
CLIP4,In6b
MDGA2,In6b
SCN1A,In6b
LUZP2,In6b
SPAG16,In6b
PTPRN2,In6b
CNTNAP5,In6b
ANKS1A,In6b
ERC2,In6b
FHOD3,In6b
NDST3,In6b
ARNT2,In6b
NDRG4,In6b
GABRA1,In6b
NCOA2,In6b
TTBK2,In6b
ESRRG,In6b
CACNB4,In6b
SETBP1,In6b
ARL4C,In6b
PRKCE,In6b
LPCAT4,In6b
CLEC16A,In6b
PTPRS,In6b
MAN1A2,In6b
UNC5D,In6b
SLC38A1,In6b
CCDC136,In6b
CAMTA1,In6b
MAP2,In6b
MAP1A,In6b
ITSN1,In6b
OSBPL6,In6b
NTRK2,In6b
UBA6-AS1,In6b
MMP16,In6b
LUZP1,In6b
FAM135B,In6b
TMEM132B,In6b
ATP1A3,In6b
RASA1,In6b
GNAS,In6b
ST8SIA1,In6b
PTPRE,In6b
ATP5B,In6b
NCALD,In6b
RASAL2,In6b
BEND6,In6b
SCAMP5,In6b
FAM189A1,In6b
MDH1,In6b
SLC6A17,In6b
MAST4,In6b
TRIO,In6b
GAPDH,In6b
BACH2,In6b
AEBP2,In6b
NMNAT2,In6b
DAAM1,In6b
OIP5-AS1,In6b
EVL,In6b
RNF157,In6b
GPC6,In6b
AAK1,In6b
MAP7D2,In6b
OSBPL8,In6b
SLC4A8,In6b
NDUFA4,In6b
RAPGEF4,In6b
NSF,In6b
SRRM3,In6b
DYNLL2,In6b
DNM1,In6b
PPM1E,In6b
STXBP5-AS1,In6b
SPIN1,In6b
MGEA5,In6b
KCNT1,In6b
SHANK2,In6b
TSC22D1,In6b
SULT4A1,In6b
PRICKLE2,In6b
TTN-AS1,In6b
MAP9,In6b
PNMA2,In6b
LRRC8B,In6b
CDH9,In6b
COX4I1,In6b
SLC22A17,In6b
ATP6V1B2,In6b
MEG8,In6b
ST6GALNAC5,In6b
CALM3,In6b
SCN8A,In6b
DLGAP2,In6b
SLC25A12,In6b
MARK1,In6b
INPP5F,In6b
BLCAP,In6b
PACRG,In6b
TMEM130,In6b
GRIK1,In7
SGCZ,In7
ROBO2,In7
SST,In7
CDH12,In7
NPY,In7
NCAM2,In7
CALB1,In7
CBLN4,In7
NXPH1,In7
PENK,In7
DAB1,In7
GRID2,In7
KIRREL3,In7
ZNF385D,In7
KIAA1217,In7
TENM3,In7
RP11-123O10.4,In7
PTPRM,In7
XKR4,In7
SOX6,In7
GAD1,In7
COL25A1,In7
SLC24A3,In7
SYNPR,In7
SPOCK3,In7
VWC2,In7
KCNIP1,In7
KIF26B,In7
SNHG14,In7
GRIK3,In7
NETO2,In7
TOX2,In7
NRXN3,In7
ANKRD55,In7
DLGAP1,In7
LRP8,In7
FSTL5,In7
COL19A1,In7
PTPRT,In7
CADPS,In7
KLF3-AS1,In7
GRIP1,In7
BACH1,In7
THSD7A,In7
RASGRF2,In7
CDH9,In7
TENM2,In7
TMTC1,In7
EPHA6,In7
ELAVL2,In7
PCLO,In7
CACNG8,In7
TMEFF2,In7
PCDH15,In7
KCNAB1,In7
SNRPN,In7
TIMP2,In7
RBFOX1,In7
SNED1,In7
PIP5K1B,In7
SCG2,In7
MYRIP,In7
MAN1A1,In7
TIAM1,In7
KIAA1211,In7
ROBO1,In7
SLC6A1,In7
ALK,In7
MAP3K5,In7
LARGE,In7
OXR1,In7
CDH8,In7
PDZRN4,In7
AHI1,In7
PDE4B,In7
KAZN,In7
ANO4,In7
GRIA3,In7
CNTN6,In7
RBMS3,In7
PTPRN2,In7
KIAA1324,In7
LRRFIP1,In7
ADAMTS19,In7
BCL11A,In7
SOX2-OT,In7
ADAMTS9-AS2,In7
C8orf34,In7
ADCY2,In7
MARCH4,In7
RP11-444D3.1,In7
MPPED1,In7
KCNC1,In7
LRRC7,In7
HCN1,In7
PTCHD4,In7
PCDH7,In7
CHRM3,In7
DGKG,In7
LINC01122,In7
HS3ST5,In7
NTRK2,In7
SPARCL1,In7
AUTS2,In7
PACRG,In7
KCTD16,In7
CIT,In7
AAK1,In7
LRFN5,In7
FAM135B,In7
RPH3A,In7
MEF2C,In7
TCF4,In7
ZNF385B,In7
KCNT1,In7
ETV6,In7
TMSB4X,In7
SH3PXD2A,In7
GPC6,In7
GRM7,In7
GRIN2A,In7
SLC8A1,In7
SETBP1,In7
LINGO2,In7
ARHGEF3,In7
CACNA1A,In7
RUNX1T1,In7
KLF12,In7
RPS6KA2,In7
MIR181A1HG,In7
SORBS2,In7
RIMS2,In7
MAP2,In7
KCNMA1,In7
RALGAPA2,In7
TSPYL2,In7
GRIA1,In7
CYP46A1,In7
SMARCA2,In7
SCG5,In7
MPDZ,In7
EPHB6,In7
RAPGEF4,In7
PPM1E,In7
MAST4,In7
TMEM108,In7
GRM5,In7
TAOK3,In7
KCNQ3,In7
ATP1B1,In7
NEGR1,In7
CCDC136,In7
FARP1,In7
DMD,In7
FNDC3A,In7
GARNL3,In7
SLC25A12,In7
CUX2,In7
SV2A,In7
CAMK2N1,In7
HECTD2,In7
OSBPL3,In7
ZNF804A,In7
ANKRD26,In7
MAP7D2,In7
CLVS1,In7
INPP4A,In7
ANKRD30BL,In7
NCOA2,In7
PTPRG,In7
AC074363.1,In7
SLC22A17,In7
PRNP,In7
RCAN2,In7
PRKCE,In7
PDE7B,In7
GIT2,In7
PDE8B,In7
GLG1,In7
UBA6-AS1,In7
CACNA1C,In7
RNF157,In7
LRRTM3,In7
PTPRJ,In7
CORO6,In7
KCNH1,In7
ABAT,In7
PAM,In7
PCDH11X,In7
ITSN1,In7
SYN2,In7
ITFG1,In7
DANT2,In7
GPR155,In7
C16orf45,In7
PTPRO,In7
EVL,In7
ANKRD36C,In7
KIF1A,In7
NGFRAP1,In7
PHF20L1,In7
RASAL2,In7
GFOD1,In7
TENM4,In7
CACNG3,In7
ATG7,In7
SCAMP5,In7
FAM19A5,In7
RAB3C,In7
EML6,In7
LIN7A,In7
NR2F1-AS1,In7
NDUFA4,In7
SLC44A5,In7
CACNG2,In7
TSPAN7,In7
USP11,In7
CHD5,In7
SULT4A1,In7
PNMA2,In7
KIF21A,In7
CSRNP3,In7
ODF2L,In7
PJA2,In7
CALM3,In7
NPTN,In7
MAGED1,In7
FAM189A1,In7
DLGAP2,In7
MIAT,In7
CAP2,In7
GRIK1,In8
SST,In8
ROBO2,In8
SYNPR,In8
NXPH1,In8
KIAA1217,In8
RP11-123O10.4,In8
ROBO1,In8
SPOCK3,In8
CNTNAP2,In8
PCDH15,In8
XKR4,In8
MAFB,In8
GRIN3A,In8
CDH13,In8
GRIK3,In8
SOX6,In8
SHISA6,In8
NRXN3,In8
GAD1,In8
COL25A1,In8
TENM3,In8
KIF26B,In8
GRIP1,In8
GRIK2,In8
MAF,In8
PCDH11X,In8
MGAT4C,In8
ELAVL2,In8
RAB3B,In8
SPARCL1,In8
PLCH1,In8
DLGAP1,In8
CDH9,In8
ST6GALNAC5,In8
PTPRM,In8
ASTN2,In8
STXBP6,In8
SNHG14,In8
LRP8,In8
RBFOX1,In8
RBMS3,In8
ADCY2,In8
DAB1,In8
EPHB6,In8
TIMP2,In8
RASGRF2,In8
NETO2,In8
TENM2,In8
SLC24A3,In8
WLS,In8
SNRPN,In8
KCNIP1,In8
OXR1,In8
TRHDE,In8
GRIA3,In8
NPAS3,In8
NRIP3,In8
KLHL5,In8
PCDH11Y,In8
RAB3C,In8
GAD2,In8
CACNA2D3,In8
SATB1-AS1,In8
CADPS,In8
PITPNC1,In8
BCL11A,In8
KCNC2,In8
GNAS,In8
NETO1,In8
GRIA1,In8
TMSB4X,In8
FRMD4A,In8
TIAM1,In8
RUNX1T1,In8
SLC6A1,In8
RPS6KA2,In8
TENM1,In8
MPPED1,In8
CDH8,In8
SYT1,In8
TMTC1,In8
PCLO,In8
DMD,In8
GRIN2B,In8
DAPK1,In8
LIMCH1,In8
AAK1,In8
CTNNA2,In8
LINC01322,In8
PDE1C,In8
SLC44A5,In8
PAM,In8
PHF20L1,In8
NTRK2,In8
L3MBTL4,In8
PIP5K1B,In8
TCF4,In8
RIMS2,In8
PNMA2,In8
CHRM3,In8
TLN2,In8
GPC6,In8
ABAT,In8
CCDC136,In8
ARL4C,In8
AC005592.2,In8
PTPRN2,In8
PPM1K,In8
OSBPL8,In8
MYT1L,In8
CNTN4,In8
FARP1,In8
ATP1B1,In8
MYRIP,In8
NAV2,In8
CHD5,In8
CELF4,In8
SLC8A1,In8
TSPAN7,In8
TMEFF2,In8
ENOX1,In8
EPHA6,In8
LRRFIP1,In8
AUTS2,In8
UCHL1,In8
DPP6,In8
FAM135B,In8
MAGI1,In8
SMARCA2,In8
CDH12,In8
RPH3A,In8
HSP90AB1,In8
ANKRD36C,In8
TUBB2A,In8
IDS,In8
PDE8B,In8
TMEM178B,In8
RYR2,In8
TSPYL2,In8
VSNL1,In8
DNM1,In8
NGFRAP1,In8
THRB,In8
GRIN1,In8
CCSER1,In8
KCTD16,In8
SCAMP5,In8
PTPRO,In8
ANKRD36,In8
ITFG1,In8
SV2A,In8
MTUS2,In8
PTPRG,In8
NCALD,In8
ADGRL2,In8
CACNG3,In8
KCNB2,In8
LINC01122,In8
SARAF,In8
THSD7A,In8
DAAM1,In8
NCOA2,In8
ANKRD26,In8
BEX1,In8
TMEM130,In8
PRNP,In8
AHI1,In8
LRRC8B,In8
CACNG8,In8
GRM5,In8
RCAN2,In8
SPATS2L,In8
SERINC1,In8
HCN1,In8
SCG5,In8
EVL,In8
ARNT2,In8
PDS5B,In8
OIP5-AS1,In8
KIF21A,In8
SETBP1,In8
SLC25A12,In8
APLP2,In8
ANKRD12,In8
NDRG4,In8
ABR,In8
FAIM2,In8
NDFIP1,In8
RUNDC3B,In8
MPDZ,In8
GARNL3,In8
DDX24,In8
GALNTL6,In8
WSB1,In8
TMEM59L,In8
CALM3,In8
